Biomarker_Name,Sequence,Melting_Temp,Annealing_Temp,Arm1,Arm1_Melting_Temp,Arm1_Annealing_Temp,Arm2,Arm2_Melting_Temp,Arm2_Annealing_Temp,Padlock_Probe,Sampling_Method,Collection_site,Disease_name,Regulation,Exosomal/Non-exosomal
hsa-let-7a-5p,UGAGGUAGUAGGUUGUAUAGUU,47.16,44.46799999999999,AACTATACAACC,23.15,37.26499999999999,TACTACCTCA,15.11,34.852999999999994,TACTACCTCAttccttttacgacctcaatgctgctgctgtactactcttAACTATACAACC,OPMD patients were clinically diagnosed by the neurologist based on the common clinical OPMD symptoms. OPMD was genetically confirmed using a genetic test. Patients with OPMD-like symptoms without a genetic confirmation were excluded.,Saliva,Oculopharyngeal Muscular Dystrophy (OPMD),Upregulated,
hsa-let-7b-5p,UGAGGUAGUAGGUUGUGUGGUU,52.7,46.129999999999995,AACCACACAACC,33.2,40.279999999999994,TACTACCTCA,15.11,34.852999999999994,TACTACCTCAttccttttacgacctcaatgctgctgctgtactactcttAACCACACAACC,OPMD patients were clinically diagnosed by the neurologist based on the common clinical OPMD symptoms. OPMD was genetically confirmed using a genetic test. Patients with OPMD-like symptoms without a genetic confirmation were excluded.,Saliva,Oculopharyngeal Muscular Dystrophy (OPMD),Upregulated,
hsa-let-7c-3p,CUGUACAACCUUCUAGCUUUCC,50.67,44.947,GGAAAGCTAGAA,27.28,37.93,GGTTGTACAG,20.0,35.746,GGTTGTACAGttccttttacgatcgcgcttggtataatcgctacttcttGGAAAGCTAGAA,OPMD patients were clinically diagnosed by the neurologist based on the common clinical OPMD symptoms. OPMD was genetically confirmed using a genetic test. Patients with OPMD-like symptoms without a genetic confirmation were excluded.,Saliva,Oculopharyngeal Muscular Dystrophy (OPMD),Upregulated,
hsa-let-7d-5p,AGAGGUAGUAGGUUGCAUAGUU,50.04,44.758,AACTATGCAACC,29.01,38.449000000000005,TACTACCTCT,14.2,34.006,TACTACCTCTttccttttacgatcgcgcttggtataatcgctacttcttAACTATGCAACC,"Eight CP and eight healthy individuals were recruited from Dental Clinic, Universiti Sains Malaysia (USM), Health Campus, Kelantan, Malaysia.",Saliva,Periodontitis,Downregulated,Exosomal
hsa-let-7d-3p,CUAUACGACCUGCUGCCUUUCU,54.03,45.955000000000005,AGAAAGGCAGC,30.73,38.965,AGGTCGTATAG,22.72,36.562000000000005,AGGTCGTATAGttccttttacgatcgcgcttggtataatcgctacttcttAGAAAGGCAGC,In total 48 HNSCC patients treated by definitive IMRT were enrolled in this study.,Saliva,Head and Neck Cancer,,
hsa-let-7e-5p,UGAGGUAGGAGGUUGUAUAGUU,49.37,45.13099999999999,AACTATACAACCT,26.8,38.35999999999999,CCTACCTCA,14.13,34.55899999999999,CCTACCTCAttccttttacgacctcaatgctgctgctgtactactcttAACTATACAACCT,"Twenty-four patients turned out to fulfill the classification criteria for pSS, whereas 16 patients did not (non-pSS, randomly selected from the original nonpSS cohort).",Saliva,Primary Sjogren's Syndrome,Upregulated,
hsa-let-7f-5p,UGAGGUAGUAGAUUGUAUAGUU,44.99,43.243,AACTATACAATCT,23.17,36.697,ACTACCTCA,11.57,33.217000000000006,ACTACCTCAttccttttacgatcgcgcttggtataatcgctacttcttAACTATACAATCT,"The test group for this study consisted of 4 patients who were diagnosed with AP, and the control group consisted of 4 patients with healthy periodontia.",Saliva,Aggressive Periodontitis,Downregulated,
hsa-miR-15a-5p,UAGCAGCACAUAAUGGUUUGUG,51.49,45.193000000000005,CACAAACCATTAT,27.9,38.116,GTGCTGCTA,19.37,35.557,GTGCTGCTAttccttttacgatcgcgcttggtataatcgctacttcttCACAAACCATTAT,In total 48 HNSCC patients treated by definitive IMRT were enrolled in this study.,Saliva,Head and Neck Cancer,,
hsa-miR-16-5p,UAGCAGCACGUAAAUAUUGGCG,53.72,45.862,CGCCAATATTTAC,30.34,38.848000000000006,GTGCTGCTA,19.37,35.557,GTGCTGCTAttccttttacgatcgcgcttggtataatcgctacttcttCGCCAATATTTAC,OPMD patients were clinically diagnosed by the neurologist based on the common clinical OPMD symptoms. OPMD was genetically confirmed using a genetic test. Patients with OPMD-like symptoms without a genetic confirmation were excluded.,Saliva,Oculopharyngeal Muscular Dystrophy (OPMD),Downregulated,
hsa-miR-16-1-3p,CCAGUAUUAACUGUGCUGCUGA,52.56,45.514,TCAGCAGCAC,28.53,38.305,AGTTAATACTGG,22.5,36.496,AGTTAATACTGGttccttttacgatcgcgcttggtataatcgctacttcttTCAGCAGCAC,Saliva was obtained from male professional players in England's elite rugby union competition across two seasons (2017-2019).,Saliva,Concussion,Upregulated,
hsa-miR-17-5p,CAAAGUGCUUACAGUGCAGGUAG,54.02,46.52599999999999,CTACCTGCACTG,33.23,40.288999999999994,TAAGCACTTTG,22.76,37.147999999999996,TAAGCACTTTGttccttttacgacctcaatgctgctgctgtactactcttCTACCTGCACTG,"Twenty-four patients turned out to fulfill the classification criteria for pSS, whereas 16 patients did not (non-pSS, randomly selected from the original nonpSS cohort).",Saliva,Primary Sjogren's Syndrome,Downregulated,
hsa-miR-20a-5p,UAAAGUGCUUAUAGUGCAGGUAG,50.0,45.31999999999999,CTACCTGCACT,28.34,38.821999999999996,ATAAGCACTTTA,22.03,36.928999999999995,ATAAGCACTTTAttccttttacgacctcaatgctgctgctgtactactcttCTACCTGCACT,"A total of 218 samples were collected from 50 amateur MMA fights (42 unique, 8 repeat fighters), including 87 saliva and 131 serum samples.",Saliva,Mild Traumatic Brain Injury (mTBI),Upregulated,
hsa-miR-23a-3p,AUCACAUUGCCAGGGAUUUCC,52.69,46.12699999999999,GGAAATCCCTGG,32.38,40.03399999999999,CAATGTGAT,9.47,33.160999999999994,CAATGTGATttccttttacgacctcaatgctgctgctgtactactcttGGAAATCCCTGG,Twelve patients (6 males and 6 females) with pancreatobiliary tract cancers,Saliva,Fibromyalgia,,
hsa-miR-24-3p,UGGCUCAGUUCAGCAGGAACAG,56.85,47.37499999999999,CTGTTCCTGCTG,34.19,40.57699999999999,AACTGAGCCA,24.25,37.59499999999999,AACTGAGCCAttccttttacgacctcaatgctgctgctgtactactcttCTGTTCCTGCTG,"15 young participants and 14 old participants were recruited in this study. The participants with hypertension and dyslipidemia (two old participants), hyperuricemia (one old participant), and asthma (one young participant) were included.",Saliva,Aging,Upregulated,Exosomal
hsa-miR-24-2-5p,UGCCUACUGAGCUGAAACACAG,54.69,46.153,CTGTGTTTCAGC,32.07,39.367000000000004,TCAGTAGGCA,22.42,36.472,TCAGTAGGCAttccttttacgatcgcgcttggtataatcgctacttcttCTGTGTTTCAGC,OPMD patients were clinically diagnosed by the neurologist based on the common clinical OPMD symptoms. OPMD was genetically confirmed using a genetic test. Patients with OPMD-like symptoms without a genetic confirmation were excluded.,Saliva,Oculopharyngeal Muscular Dystrophy (OPMD),Upregulated,
hsa-miR-25-3p,CAUUGCACUUGUCUCGGUCUGA,55.05,46.261,TCAGACCGAGAC,34.32,40.042,AAGTGCAATG,20.56,35.914,AAGTGCAATGttccttttacgatcgcgcttggtataatcgctacttcttTCAGACCGAGAC,In total 48 HNSCC patients treated by definitive IMRT were enrolled in this study.,Saliva,Head and Neck Cancer,,
hsa-miR-26a-5p,UUCAAGUAAUCCAGGAUAGGCU,50.31,44.839000000000006,AGCCTATCCTG,26.83,37.795,GATTACTTGAA,17.01,34.849000000000004,GATTACTTGAAttccttttacgatcgcgcttggtataatcgctacttcttAGCCTATCCTG,Saliva samples were collected from consecutive patients with a diagnosis of primary OSCC,Saliva,Oral Cancer,Downregulated,
hsa-miR-27a-5p,AGGGCUUAGCUGCUUGUGAGCA,58.5,47.87,TGCTCACAAGCA,35.7,41.029999999999994,GCTAAGCCCT,25.75,38.044999999999995,GCTAAGCCCTttccttttacgacctcaatgctgctgctgtactactcttTGCTCACAAGCA,OPMD patients were clinically diagnosed by the neurologist based on the common clinical OPMD symptoms. OPMD was genetically confirmed using a genetic test. Patients with OPMD-like symptoms without a genetic confirmation were excluded.,Saliva,Oculopharyngeal Muscular Dystrophy (OPMD),Upregulated,
hsa-miR-27a-3p,UUCACAGUGGCUAAGUUCCGC,55.08,46.27,GCGGAACTTAGC,35.37,40.357,CACTGTGAA,14.27,34.027,CACTGTGAAttccttttacgatcgcgcttggtataatcgctacttcttGCGGAACTTAGC,"45 subjects were recruited for the study, including 24 subjects with a current diagnosis of ASD and 21 non-ASD control subjects.",Saliva,Autism Spectrum Disorder (ASD),Downregulated,
hsa-miR-28-5p,AAGGAGCUCACAGUCUAUUGAG,51.39,45.163000000000004,CTCAATAGACTGT,28.86,38.404,GAGCTCCTT,16.86,34.804,GAGCTCCTTttccttttacgatcgcgcttggtataatcgctacttcttCTCAATAGACTGT,"45 subjects were recruited for the study, including 24 subjects with a current diagnosis of ASD and 21 non-ASD control subjects.",Saliva,Autism Spectrum Disorder (ASD),Upregulated,
hsa-miR-28-3p,CACUAGAUUGUGAGCUCCUGGA,53.32,45.742,TCCAGGAGCTC,31.37,39.157000000000004,ACAATCTAGTG,20.21,35.809000000000005,ACAATCTAGTGttccttttacgatcgcgcttggtataatcgctacttcttTCCAGGAGCTC,All 12 CLP patients were consecutively enrolled at the Orthodontics Clinic of the University of Campania ÒL. VanvitelliÓ from January 2015 to January 2016.,Saliva,Cleft Lip and Palate (CLP),Upregulated,Exosomal
hsa-miR-29a-3p,UAGCACCAUCUGAAAUCGGUUA,51.36,45.727999999999994,TAACCGATTTCA,26.51,38.272999999999996,GATGGTGCTA,21.33,36.718999999999994,GATGGTGCTAttccttttacgacctcaatgctgctgctgtactactcttTAACCGATTTCA,"One hundred and seven saliva samples from 51 CRC patients, 19 adenomas and 37 healthy Individuals were collected from 2014 to 2021",Saliva,Colorectal Cancer (CRC),Upregulated,
hsa-miR-30a-5p,UGUAAACAUCCUCGACUGGAAG,51.98,45.339999999999996,CTTCCAGTCGA,28.84,38.398,GGATGTTTACA,21.23,36.115,GGATGTTTACAttccttttacgatcgcgcttggtataatcgctacttcttCTTCCAGTCGA,"Compared saliva miRNA profiles between OSCC patients and healthy controls of similar age, gender, ethnicity, and smoking history",Whole Saliva,Oral Cancer,,Exosomal
hsa-miR-30a-3p,CUUUCAGUCGGAUGUUUGCAGC,54.95,46.80499999999999,GCTGCAAACATC,33.31,40.312999999999995,CGACTGAAAG,21.61,36.80299999999999,CGACTGAAAGttccttttacgacctcaatgctgctgctgtactactcttGCTGCAAACATC,"Compared saliva miRNA profiles between OSCC patients and healthy controls of similar age, gender, ethnicity, and smoking history",Whole Saliva,Oral Cancer,,Exosomal
hsa-miR-31-5p,AGGCAAGAUGCUGGCAUAGCU,56.23,46.615,AGCTATGCCAGC,36.31,40.639,ATCTTGCCT,14.63,34.135000000000005,ATCTTGCCTttccttttacgatcgcgcttggtataatcgctacttcttAGCTATGCCAGC,"Ten women aged 50 to 60 years were recruited and randomly and equally divided into either a K-diet group or control diet group (n = 5, each group) [20].",Saliva,Adipogenesis Obesity,Downregulated,
hsa-miR-32-5p,UAUUGCACAUUACUAAGUUGCA,48.29,44.806999999999995,TGCAACTTAGTA,25.77,38.050999999999995,ATGTGCAATA,16.2,35.17999999999999,ATGTGCAATAttccttttacgacctcaatgctgctgctgtactactcttTGCAACTTAGTA,"45 subjects were recruited for the study, including 24 subjects with a current diagnosis of ASD and 21 non-ASD control subjects.",Saliva,Autism Spectrum Disorder (ASD),Downregulated,
hsa-miR-33a-3p,CAAUGUUUCCACAGUGCAUCAC,52.95,45.631,GTGATGCACTG,29.33,38.545,TGGAAACATTG,22.91,36.619,TGGAAACATTGttccttttacgatcgcgcttggtataatcgctacttcttGTGATGCACTG,Saliva was obtained from male professional players in England's elite rugby union competition across two seasons (2017-2019).,Saliva,Concussion,Upregulated,
hsa-miR-92a-3p,UAUUGCACUUGUCCCGGCCUGU,58.49,47.867,ACAGGCCGGG,35.43,40.94899999999999,ACAAGTGCAATA,27.39,38.53699999999999,ACAAGTGCAATAttccttttacgacctcaatgctgctgctgtactactcttACAGGCCGGG,Saliva was obtained from male professional players in England's elite rugby union competition across two seasons (2017-2019).,Saliva,Concussion,Downregulated,
hsa-miR-100-5p,AACCCGUAGAUCCGAACUUGUG,54.52,46.675999999999995,CACAAGTTCGGA,32.88,40.18399999999999,TCTACGGGTT,22.56,37.087999999999994,TCTACGGGTTttccttttacgacctcaatgctgctgctgtactactcttCACAAGTTCGGA,In total 48 HNSCC patients treated by definitive IMRT were enrolled in this study.,Saliva,Head and Neck Cancer,,
hsa-miR-29b-3p,UAGCACCAUUUGAAAUCAGUGUU,51.05,45.63499999999999,AACACTGATTTCA,29.64,39.211999999999996,AATGGTGCTA,19.34,36.12199999999999,AATGGTGCTAttccttttacgacctcaatgctgctgctgtactactcttAACACTGATTTCA,OPMD patients were clinically diagnosed by the neurologist based on the common clinical OPMD symptoms. OPMD was genetically confirmed using a genetic test. Patients with OPMD-like symptoms without a genetic confirmation were excluded.,Saliva,Oculopharyngeal Muscular Dystrophy (OPMD),Downregulated,
hsa-miR-103a-3p,AGCAGCAUUGUACAGGGCUAUGA,56.0,46.546,TCATAGCCCTGTA,33.12,39.682,CAATGCTGCT,24.88,37.21,CAATGCTGCTttccttttacgatcgcgcttggtataatcgctacttcttTCATAGCCCTGTA,The set consisted of 32 randomly selected unstimulated whole saliva samples from patients with a parotid gland neoplasm and was obtained from the SGTB; 14 were collected,Whole Saliva,Parotid Salivary Gland Neoplasms,Upregulated,
hsa-miR-106a-5p,AAAAGUGCUUACAGUGCAGGUAG,53.32,45.742,CTACCTGCACTG,33.23,39.715,TAAGCACTTTT,20.42,35.872,TAAGCACTTTTttccttttacgatcgcgcttggtataatcgctacttcttCTACCTGCACTG,"Twenty-four patients turned out to fulfill the classification criteria for pSS, whereas 16 patients did not (non-pSS, randomly selected from the original nonpSS cohort).",Saliva,Primary Sjogren's Syndrome,Downregulated,
hsa-let-7i-5p,UGAGGUAGUAGUUUGUGCUGUU,51.42,45.172000000000004,AACAGCACAAA,26.23,37.615,CTACTACCTCA,21.39,36.163000000000004,CTACTACCTCAttccttttacgatcgcgcttggtataatcgctacttcttAACAGCACAAA,"Saliva samples from a total of 20 subjects (discovery group) were analyzed. In particular, saliva samples of 10 concussed and 10 non-concussed athletes were used to screen proteins and 6 concussed and 6 non-concussed athletes for microRNA analysis.",Saliva,Mild traumatic brain injury (mTBI),Upregulated,
hsa-let-7i-3p,CUGCGCAAGCUACUGCCUUGCU,60.3,48.40999999999999,AGCAAGGCAGTAG,37.34,41.52199999999999,CTTGCGCAG,25.35,37.92499999999999,CTTGCGCAGttccttttacgacctcaatgctgctgctgtactactcttAGCAAGGCAGTAG,,Saliva,Pancreatic Cancer,Downregulated,
hsa-miR-15b-5p,UAGCAGCACAUCAUGGUUUACA,52.15,45.964999999999996,TGTAAACCATGAT,28.48,38.864,GTGCTGCTA,19.37,36.13099999999999,GTGCTGCTAttccttttacgacctcaatgctgctgctgtactactcttTGTAAACCATGAT,"In this study, 124 healthy men were recruited, and were exposed at simulated high altitude of 4,500 m.",Saliva,Acute Mountain Sickness,Upregulated,
hsa-miR-27b-3p,UUCACAGUGGCUAAGUUCUGC,52.71,46.13299999999999,GCAGAACTTAGC,31.18,39.67399999999999,CACTGTGAA,14.27,34.60099999999999,CACTGTGAAttccttttacgacctcaatgctgctgctgtactactcttGCAGAACTTAGC,"Saliva samples from a total of 20 subjects (discovery group) were analyzed. In particular, saliva samples of 10 concussed and 10 non-concussed athletes were used to screen proteins and 6 concussed and 6 non-concussed athletes for microRNA analysis.",Saliva,Mild traumatic brain injury (mTBI),Upregulated,
hsa-miR-30b-5p,UGUAAACAUCCUACACUCAGCU,50.93,45.025,AGCTGAGTGTA,25.99,37.543,GGATGTTTACA,21.23,36.115,GGATGTTTACAttccttttacgatcgcgcttggtataatcgctacttcttAGCTGAGTGTA,"A total of 218 samples were collected from 50 amateur MMA fights (42 unique, 8 repeat fighters), including 87 saliva and 131 serum samples.",Saliva,Mild Traumatic Brain Injury (mTBI),Upregulated,
hsa-miR-125a-5p,UCCCUGAGACCCUUUAACCUGUGA,56.65,46.741,TCACAGGTTAAAGG,35.04,40.258,GTCTCAGGGA,23.56,36.814,GTCTCAGGGAttccttttacgatcgcgcttggtataatcgctacttcttTCACAGGTTAAAGG,Total of 35 HFMD suspected throat swab and saliva clinical samples were obtained from Kandang Kerbau (KK) Women's and Children's Hospital from August 2012 to February 2016.,Saliva,"Hand, Foot and Mouth Disease (HFMD)",,
hsa-miR-125a-3p,ACAGGUGAGGUUCUUGGGAGCC,58.16,47.193999999999996,GGCTCCCAAGAA,35.02,40.252,CCTCACCTGT,24.78,37.18,CCTCACCTGTttccttttacgatcgcgcttggtataatcgctacttcttGGCTCCCAAGAA,"Eight CP and eight healthy individuals were recruited from Dental Clinic, Universiti Sains Malaysia (USM), Health Campus, Kelantan, Malaysia.",Saliva,Periodontitis,Upregulated,Non-exosomal
hsa-miR-126-5p,CAUUAUUACUUUUGGUACGCG,47.87,44.68099999999999,CGCGTACCA,25.75,38.044999999999995,AAAGTAATAATG,16.74,35.34199999999999,AAAGTAATAATGttccttttacgacctcaatgctgctgctgtactactcttCGCGTACCA,Saliva was obtained from male professional players in England's elite rugby union competition across two seasons (2017-2019).,Saliva,Concussion,Downregulated,
hsa-miR-126-3p,UCGUACCGUGAGUAAUAAUGCG,52.68,45.550000000000004,CGCATTATTACTC,29.62,38.632,ACGGTACGA,20.84,35.998000000000005,ACGGTACGAttccttttacgatcgcgcttggtataatcgctacttcttCGCATTATTACTC,"Eight CP and eight healthy individuals were recruited from Dental Clinic, Universiti Sains Malaysia (USM), Health Campus, Kelantan, Malaysia.",Saliva,Periodontitis,Downregulated,Exosomal
hsa-miR-127-3p,UCGGAUCCGUCUGAGCUUGGCU,59.73,48.23899999999999,AGCCAAGCTCAG,36.02,41.126,ACGGATCCGA,28.32,38.815999999999995,ACGGATCCGAttccttttacgacctcaatgctgctgctgtactactcttAGCCAAGCTCAG,"45 subjects were recruited for the study, including 24 subjects with a current diagnosis of ASD and 21 non-ASD control subjects.",Saliva,Autism Spectrum Disorder (ASD),Upregulated,
hsa-miR-128-3p,UCACAGUGAACCGGUCUCUUU,53.35,45.751,AAAGAGACCGG,29.01,38.449000000000005,TTCACTGTGA,19.66,35.644,TTCACTGTGAttccttttacgatcgcgcttggtataatcgctacttcttAAAGAGACCGG,"A total of 218 samples were collected from 50 amateur MMA fights (42 unique, 8 repeat fighters), including 87 saliva and 131 serum samples.",Saliva,Mild Traumatic Brain Injury (mTBI),Downregulated,
hsa-miR-130a-3p,CAGUGCAAUGUUAAAAGGGCAU,52.23,45.98899999999999,ATGCCCTTTTAAC,31.49,39.76699999999999,ATTGCACTG,15.81,35.062999999999995,ATTGCACTGttccttttacgacctcaatgctgctgctgtactactcttATGCCCTTTTAAC,Saliva samples were collected from consecutive patients with a diagnosis of primary OSCC,Saliva,Oral Cancer,Upregulated,
hsa-miR-133a-3p,UUUGGUCCCCUUCAACCAGCUG,57.0,46.846,CAGCTGGTTGAA,33.0,39.646,GGGGACCAAA,25.48,37.39,GGGGACCAAAttccttttacgatcgcgcttggtataatcgctacttcttCAGCTGGTTGAA,OPMD patients were clinically diagnosed by the neurologist based on the common clinical OPMD symptoms. OPMD was genetically confirmed using a genetic test. Patients with OPMD-like symptoms without a genetic confirmation were excluded.,Saliva,Oculopharyngeal Muscular Dystrophy (OPMD),Downregulated,
hsa-miR-134-5p,UGUGACUGGUUGACCAGAGGGG,57.84,47.67199999999999,CCCCTCTGGTC,32.67,40.120999999999995,AACCAGTCACA,27.33,38.51899999999999,AACCAGTCACAttccttttacgacctcaatgctgctgctgtactactcttCCCCTCTGGTC,OPMD patients were clinically diagnosed by the neurologist based on the common clinical OPMD symptoms. OPMD was genetically confirmed using a genetic test. Patients with OPMD-like symptoms without a genetic confirmation were excluded.,Saliva,Oculopharyngeal Muscular Dystrophy (OPMD),Upregulated,
hsa-miR-140-5p,CAGUGGUUUUACCCUAUGGUAG,50.04,45.331999999999994,CTACCATAGGGT,28.08,38.74399999999999,AAAACCACTG,19.24,36.09199999999999,AAAACCACTGttccttttacgacctcaatgctgctgctgtactactcttCTACCATAGGGT,Unstimulated whole saliva samples were prospectively collected from 294 individuals (163 GC and 131 non-GC patients) who underwent endoscopic evaluation,Whole Saliva,Gastric Cancer,Downregulated,
hsa-miR-140-3p,UACCACAGGGUAGAACCACGG,55.24,46.89199999999999,CCGTGGTTCTA,28.63,38.90899999999999,CCCTGTGGTA,23.92,37.495999999999995,CCCTGTGGTAttccttttacgacctcaatgctgctgctgtactactcttCCGTGGTTCTA,"45 subjects were recruited for the study, including 24 subjects with a current diagnosis of ASD and 21 non-ASD control subjects.",Saliva,Autism Spectrum Disorder (ASD),Upregulated,
hsa-miR-142-5p,CAUAAAGUAGAAAGCACUACU,44.94,43.80199999999999,AGTAGTGCTTT,23.09,37.24699999999999,CTACTTTATG,9.98,33.31399999999999,CTACTTTATGttccttttacgacctcaatgctgctgctgtactactcttAGTAGTGCTTT,"OSCC patients and healthy controls of similar age, gender, ethnicity, and smoking history",Whole Saliva,Oral Cancer,,Exosomal
hsa-miR-142-3p,UGUAGUGUUUCCUACUUUAUGGA,48.8,44.959999999999994,TCCATAAAGTAGG,27.91,38.69299999999999,AAACACTACA,15.24,34.891999999999996,AAACACTACAttccttttacgacctcaatgctgctgctgtactactcttTCCATAAAGTAGG,"10 patients were at tumor stage I, 14 were at stage II, 16 were at stage III, and 10 were at stage IV. The average age of OSCC volunteers was 97",Supernatant Saliva,Oral Cancer,,
hsa-miR-144-3p,UACAGUAUAGAUGAUGUACU,41.14,42.66199999999999,AGTACATCAT,13.08,34.24399999999999,CTATACTGTA,8.94,33.001999999999995,CTATACTGTAttccttttacgacctcaatgctgctgctgtactactcttAGTACATCAT,"The number of participants of the no/mild periodontitis group, the moderate periodontitis group, and the severe periodontitis group was 26, 58, and 36 respectively",Supernatant Saliva,Periodontitis,Upregulated,Exosomal
hsa-miR-145-5p,GUCCAGUUUUCCCAGGAAUCCCU,56.09,46.573,AGGGATTCCTGG,33.01,39.649,GAAAACTGGAC,24.44,37.078,GAAAACTGGACttccttttacgatcgcgcttggtataatcgctacttcttAGGGATTCCTGG,Total of 35 HFMD suspected throat swab and saliva clinical samples were obtained from Kandang Kerbau (KK) Women's and Children's Hospital from August 2012 to February 2016.,Saliva,"Hand, Foot and Mouth Disease (HFMD)",,
hsa-miR-146a-5p,UGAGAACUGAAUUCCAUGGGUU,51.63,45.80899999999999,AACCCATGGAA,26.67,38.32099999999999,TTCAGTTCTCA,22.48,37.06399999999999,TTCAGTTCTCAttccttttacgacctcaatgctgctgctgtactactcttAACCCATGGAA,"All 216 individuals belong to the high altitude mestizo Ecuadorian population (2,800 meters above sea level). Unstimulated whole mouth resting saliva was collected from 108 HNSCC patients (stages 1 to 4)",Saliva,Head and Neck Cancer,Downregulated,
hsa-miR-150-5p,UCUCCCAACCCUUGUACCAGUG,55.61,46.429,CACTGGTACAAGG,34.85,40.201,GTTGGGAGA,16.43,34.675000000000004,GTTGGGAGAttccttttacgatcgcgcttggtataatcgctacttcttCACTGGTACAAGG,In total 48 HNSCC patients treated by definitive IMRT were enrolled in this study.,Saliva,Head and Neck Cancer,Upregulated,
hsa-miR-154-5p,UAGGUUAUCCGUGUUGCCUUCG,54.59,46.123,CGAAGGCAACA,31.85,39.301,CGGATAACCTA,23.04,36.658,CGGATAACCTAttccttttacgatcgcgcttggtataatcgctacttcttCGAAGGCAACA,"Twenty-four patients turned out to fulfill the classification criteria for pSS, whereas 16 patients did not (non-pSS, randomly selected from the original nonpSS cohort).",Saliva,Primary Sjogren's Syndrome,Downregulated,
hsa-miR-10b-5p,UACCCUGUAGAACCGAAUUUGUG,52.55,46.084999999999994,CACAAATTCGGT,30.44,39.45199999999999,TCTACAGGGTA,22.8,37.15999999999999,TCTACAGGGTAttccttttacgacctcaatgctgctgctgtactactcttCACAAATTCGGT,Validation of data on an independent set of saliva samples from an additional 11 cases and 9 cancer-free controls,Saliva,Head and Neck Cancer,Upregulated,Exosomal
hsa-miR-181a-5p,AACAUUCAACGCUGUCGGUGAGU,57.26,46.924,ACTCACCGACAG,35.29,40.333000000000006,CGTTGAATGTT,24.48,37.09,CGTTGAATGTTttccttttacgatcgcgcttggtataatcgctacttcttACTCACCGACAG,"538 individuals, ages 5-66 years with a clinical diagnosis of mTBI and compared to a control group of 287 individuals with absence of mTBI in the previous 12 weeks and clinical resolution of any previous mTB.",Saliva,Mild traumatic brain injury (mTBI),,
hsa-miR-183-5p,UAUGGCACUGGUAGAAUUCACU,50.93,45.025,AGTGAATTCTACC,29.13,38.485,AGTGCCATA,14.21,34.009,AGTGCCATAttccttttacgatcgcgcttggtataatcgctacttcttAGTGAATTCTACC,"538 individuals, ages 5-66 years with a clinical diagnosis of mTBI and compared to a control group of 287 individuals with absence of mTBI in the previous 12 weeks and clinical resolution of any previous mTB.",Saliva,Mild traumatic brain injury (mTBI),,
hsa-miR-186-5p,CAAAGAAUUCUCCUUUUGGGCU,51.23,45.115,AGCCCAAAAGG,29.97,38.737,AGAATTCTTTG,17.94,35.128,AGAATTCTTTGttccttttacgatcgcgcttggtataatcgctacttcttAGCCCAAAAGG,"One hundred and seven saliva samples from 51 CRC patients, 19 adenomas and 37 healthy Individuals were collected from 2014 to 2022",Saliva,Colorectal Cancer (CRC),Upregulated,
hsa-miR-191-5p,CAACGGAAUCCCAAAAGCAGCUG,57.17,46.897,CAGCTGCTTTTGG,38.0,41.146,GATTCCGTTG,22.01,36.349000000000004,GATTCCGTTGttccttttacgatcgcgcttggtataatcgctacttcttCAGCTGCTTTTGG,"45 subjects were recruited for the study, including 24 subjects with a current diagnosis of ASD and 21 non-ASD control subjects.",Saliva,Autism Spectrum Disorder (ASD),Upregulated,
hsa-miR-192-5p,CUGACCUAUGAAUUGACAGCC,50.64,44.938,GGCTGTCAATT,26.87,37.807,CATAGGTCAG,17.95,35.131,CATAGGTCAGttccttttacgatcgcgcttggtataatcgctacttcttGGCTGTCAATT,"538 individuals, ages 5-66 years with a clinical diagnosis of mTBI and compared to a control group of 287 individuals with absence of mTBI in the previous 12 weeks and clinical resolution of any previous mTB.",Saliva,Mild traumatic brain injury (mTBI),Upregulated,
hsa-miR-193a-3p,AACUGGCCUACAAAGUCCCAGU,55.51,46.399,ACTGGGACTTTG,31.49,39.193000000000005,TAGGCCAGTT,22.53,36.505,TAGGCCAGTTttccttttacgatcgcgcttggtataatcgctacttcttACTGGGACTTTG,In total 48 HNSCC patients treated by definitive IMRT were enrolled in this study.,Saliva,Head and Neck Cancer,Downregulated,
hsa-miR-195-3p,CCAAUAUUGGCUGUGCUGCUCC,56.31,46.639,GGAGCAGCACA,34.7,40.156,GCCAATATTGG,24.38,37.06,GCCAATATTGGttccttttacgatcgcgcttggtataatcgctacttcttGGAGCAGCACA,OPMD patients were clinically diagnosed by the neurologist based on the common clinical OPMD symptoms. OPMD was genetically confirmed using a genetic test. Patients with OPMD-like symptoms without a genetic confirmation were excluded.,Saliva,Oculopharyngeal Muscular Dystrophy (OPMD),Upregulated,
hsa-miR-196a-5p,UAGGUAGUUUCAUGUUGUUGGG,50.13,44.785000000000004,CCCAACAACAT,26.41,37.669000000000004,GAAACTACCTA,18.69,35.353,GAAACTACCTAttccttttacgatcgcgcttggtataatcgctacttcttCCCAACAACAT,In total 48 HNSCC patients treated by definitive IMRT were enrolled in this study.,Saliva,Head and Neck Cancer,Upregulated,
hsa-miR-199a-5p,CCCAGUGUUCAGACUACCUGUUC,54.67,46.147,GAACAGGTAGTCT,31.91,39.319,GAACACTGGG,24.32,37.042,GAACACTGGGttccttttacgatcgcgcttggtataatcgctacttcttGAACAGGTAGTCT,Saliva was obtained from male professional players in England's elite rugby union competition across two seasons (2017-2019).,Saliva,Concussion,Downregulated,
hsa-miR-199a-3p,ACAGUAGUCUGCACAUUGGUUA,51.48,45.76399999999999,TAACCAATGTGC,29.66,39.217999999999996,AGACTACTGT,16.67,35.32099999999999,AGACTACTGTttccttttacgacctcaatgctgctgctgtactactcttTAACCAATGTGC,"Eight CP and eight healthy individuals were recruited from Dental Clinic, Universiti Sains Malaysia (USM), Health Campus, Kelantan, Malaysia.",Saliva,Periodontitis,Downregulated,Exosomal
hsa-miR-203a-3p,GUGAAAUGUUUAGGACCACUAG,48.74,44.368,CTAGTGGTCCT,26.06,37.564,AAACATTTCAC,19.95,35.731,AAACATTTCACttccttttacgatcgcgcttggtataatcgctacttcttCTAGTGGTCCT,In total 48 HNSCC patients treated by definitive IMRT were enrolled in this study.,Saliva,Head and Neck Cancer,Downregulated,
hsa-miR-204-5p,UUCCCUUUGUCAUCCUAUGCCU,53.1,45.676,AGGCATAGGATG,30.15,38.791000000000004,ACAAAGGGAA,19.22,35.512,ACAAAGGGAAttccttttacgatcgcgcttggtataatcgctacttcttAGGCATAGGATG,In total 48 HNSCC patients treated by definitive IMRT were enrolled in this study.,Saliva,Head and Neck Cancer,Upregulated,
hsa-miR-205-5p,UCCUUCAUUCCACCGGAGUCUG,55.79,46.483,CAGACTCCGGT,32.34,39.448,GGAATGAAGGA,24.03,36.955000000000005,GGAATGAAGGAttccttttacgatcgcgcttggtataatcgctacttcttCAGACTCCGGT,Saliva samples were collected from consecutive patients with a diagnosis of primary OSCC,Saliva,Oral Cancer,Upregulated,
hsa-miR-208a-5p,GAGCUUUUGGCCCGGGUUAUAC,55.72,47.035999999999994,GTATAACCCGGG,31.99,39.916999999999994,CCAAAAGCTC,21.86,36.87799999999999,CCAAAAGCTCttccttttacgacctcaatgctgctgctgtactactcttGTATAACCCGGG,"Eight CP and eight healthy individuals were recruited from Dental Clinic, Universiti Sains Malaysia (USM), Health Campus, Kelantan, Malaysia.",Saliva,Periodontitis,Downregulated,Non-exosomal
hsa-miR-148a-3p,UCAGUGCACUACAGAACUUUGU,51.99,45.916999999999994,ACAAAGTTCTGTA,28.59,38.89699999999999,GTGCACTGA,19.92,36.29599999999999,GTGCACTGAttccttttacgacctcaatgctgctgctgtactactcttACAAAGTTCTGTA,In total 48 HNSCC patients treated by definitive IMRT were enrolled in this study.,Saliva,Head and Neck Cancer,,
hsa-miR-30c-5p,UGUAAACAUCCUACACUCUCAGC,52.06,45.937999999999995,GCTGAGAGTGT,29.22,39.08599999999999,AGGATGTTTACA,25.26,37.897999999999996,AGGATGTTTACAttccttttacgacctcaatgctgctgctgtactactcttGCTGAGAGTGT,"Twenty-four patients turned out to fulfill the classification criteria for pSS, whereas 16 patients did not (non-pSS, randomly selected from the original nonpSS cohort).",Saliva,Primary Sjogren's Syndrome,Downregulated,
hsa-miR-122-5p,UGGAGUGUGACAAUGGUGUUUG,53.46,46.358,CAAACACCATTG,28.82,38.965999999999994,TCACACTCCA,22.94,37.20199999999999,TCACACTCCAttccttttacgacctcaatgctgctgctgtactactcttCAAACACCATTG,"All 216 individuals belong to the high altitude mestizo Ecuadorian population (2,800 meters above sea level). Unstimulated whole mouth resting saliva was collected from 108 HNSCC patients (stages 1 to 4)",Saliva,Head and Neck Cancer,Upregulated,
hsa-miR-143-3p,UGAGAUGAAGCACUGUAGCUC,51.7,45.82999999999999,GAGCTACAGTG,26.98,38.413999999999994,CTTCATCTCA,16.43,35.248999999999995,CTTCATCTCAttccttttacgacctcaatgctgctgctgtactactcttGAGCTACAGTG,Profiling of miRNAs in two unstimulated saliva samples collected by passive drool method from a patient diagnosed with generalized chronic periodontitis and a healthy control.,Saliva,Periodontitis,Upregulated,
hsa-miR-30e-5p,UGUAAACAUCCUUGACUGGAAG,50.16,45.36799999999999,CTTCCAGTCAAG,29.52,39.175999999999995,GATGTTTACA,13.76,34.44799999999999,GATGTTTACAttccttttacgacctcaatgctgctgctgtactactcttCTTCCAGTCAAG,"Compared saliva miRNA profiles between OSCC patients and healthy controls of similar age, gender, ethnicity, and smoking history",Whole Saliva,Oral Cancer,,Exosomal
hsa-miR-30e-3p,CUUUCAGUCGGAUGUUUACAGC,51.97,45.910999999999994,GCTGTAAACATC,27.74,38.64199999999999,CGACTGAAAG,21.61,36.80299999999999,CGACTGAAAGttccttttacgacctcaatgctgctgctgtactactcttGCTGTAAACATC,"Compared saliva miRNA profiles between OSCC patients and healthy controls of similar age, gender, ethnicity, and smoking history",Whole Saliva,Oral Cancer,,Exosomal
hsa-miR-139-5p,UCUACAGUGCACGUGUCUCCAGU,57.48,46.99,ACTGGAGACACG,35.29,40.333000000000006,TGCACTGTAGA,26.72,37.762,TGCACTGTAGAttccttttacgatcgcgcttggtataatcgctacttcttACTGGAGACACG,A total of 50 saliva samples was collected from 25 TSCC patients,Saliva,Tongue Squamous Cell Carcinoma (TSCC),Downregulated,
hsa-miR-7-5p,UGGAAGACUAGUGAUUUUGUUGUU,50.8,44.986,AACAACAAAATCA,27.8,38.086000000000006,CTAGTCTTCCA,22.51,36.499,CTAGTCTTCCAttccttttacgatcgcgcttggtataatcgctacttcttAACAACAAAATCA,"45 subjects were recruited for the study, including 24 subjects with a current diagnosis of ASD and 21 non-ASD control subjects.",Saliva,Autism Spectrum Disorder (ASD),Upregulated,
hsa-miR-10a-5p,UACCCUGUAGAUCCGAAUUUGUG,52.09,45.373000000000005,CACAAATTCGGA,29.97,38.737,TCTACAGGGTA,22.8,36.586000000000006,TCTACAGGGTAttccttttacgatcgcgcttggtataatcgctacttcttCACAAATTCGGA,"A total of 218 samples were collected from 50 amateur MMA fights (42 unique, 8 repeat fighters), including 87 saliva and 131 serum samples.",Saliva,Mild Traumatic Brain Injury (mTBI),Downregulated,
hsa-miR-34a-5p,UGGCAGUGUCUUAGCUGGUUGU,56.16,47.16799999999999,ACAACCAGCTAAG,33.96,40.507999999999996,ACACTGCCA,21.3,36.709999999999994,ACACTGCCAttccttttacgacctcaatgctgctgctgtactactcttACAACCAGCTAAG,"saliva of young subjects was evalauted (age 11 +- 3.467 years) with migraine without aura (MWA), while some underwent pharmacological treatment, and healthy young subjects were used as controls",Saliva,Migraine,Upregulated,
hsa-miR-181b-5p,AACAUUCAUUGCUGUCGGUGGGU,57.21,47.483,ACCCACCGACA,35.27,40.900999999999996,GCAATGAATGTT,27.38,38.53399999999999,GCAATGAATGTTttccttttacgacctcaatgctgctgctgtactactcttACCCACCGACA,"The test group for this study consisted of 4 patients who were diagnosed with AP, and the control group consisted of 4 patients with healthy periodontia.",Saliva,Aggressive Periodontitis,Downregulated,
hsa-miR-181c-5p,AACAUUCAACCUGUCGGUGAGU,54.24,46.59199999999999,ACTCACCGACA,31.3,39.709999999999994,GGTTGAATGTT,22.87,37.18099999999999,GGTTGAATGTTttccttttacgacctcaatgctgctgctgtactactcttACTCACCGACA,"538 individuals, ages 5-66 years with a clinical diagnosis of mTBI and compared to a control group of 287 individuals with absence of mTBI in the previous 12 weeks and clinical resolution of any previous mTB.",Saliva,Mild traumatic brain injury (mTBI),Upregulated,
hsa-miR-182-5p,UUUGGCAAUGGUAGAACUCACACU,54.68,46.724,AGTGTGAGTTCTAC,34.53,40.678999999999995,CATTGCCAAA,20.89,36.586999999999996,CATTGCCAAAttccttttacgacctcaatgctgctgctgtactactcttAGTGTGAGTTCTAC,In total 48 HNSCC patients treated by definitive IMRT were enrolled in this study.,Saliva,Head and Neck Cancer,Downregulated,
hsa-miR-218-5p,UUGUGCUUGAUCUAACCAUGU,49.64,44.638,ACATGGTTAGAT,24.67,37.147,CAAGCACAA,16.61,34.729,CAAGCACAAttccttttacgatcgcgcttggtataatcgctacttcttACATGGTTAGAT,"45 subjects were recruited for the study, including 24 subjects with a current diagnosis of ASD and 21 non-ASD control subjects.",Saliva,Autism Spectrum Disorder (ASD),Upregulated,
hsa-miR-221-3p,AGCUACAUUGUCUGCUGGGUUUC,55.2,46.306000000000004,GAAACCCAGCAG,34.51,40.099000000000004,ACAATGTAGCT,23.21,36.709,ACAATGTAGCTttccttttacgatcgcgcttggtataatcgctacttcttGAAACCCAGCAG,Total of 35 HFMD suspected throat swab and saliva clinical samples were obtained from Kandang Kerbau (KK) Women's and Children's Hospital from August 2012 to February 2016.,Saliva,"Hand, Foot and Mouth Disease (HFMD)",Downregulated,
hsa-miR-222-3p,AGCUACAUCUGGCUACUGGGU,54.32,46.61599999999999,ACCCAGTAGCC,31.7,39.82999999999999,AGATGTAGCT,17.53,35.57899999999999,AGATGTAGCTttccttttacgacctcaatgctgctgctgtactactcttACCCAGTAGCC,"Twenty-four patients turned out to fulfill the classification criteria for pSS, whereas 16 patients did not (non-pSS, randomly selected from the original nonpSS cohort).",Saliva,Primary Sjogren's Syndrome,Upregulated,
hsa-miR-224-5p,UCAAGUCACUAGUGGUUCCGUUUAG,54.58,46.693999999999996,CTAAACGGAACCA,34.16,40.56799999999999,CTAGTGACTTGA,26.41,38.242999999999995,CTAGTGACTTGAttccttttacgacctcaatgctgctgctgtactactcttCTAAACGGAACCA,Saliva samples were collected from consecutive patients with a diagnosis of primary OSCC,Saliva,Oral Cancer,Upregulated,
hsa-miR-296-5p,AGGGCCCCCCCUCAAUCCUGU,61.03,48.629,ACAGGATTGAGGG,35.79,41.056999999999995,GGGGCCCT,21.29,36.706999999999994,GGGGCCCTttccttttacgacctcaatgctgctgctgtactactcttACAGGATTGAGGG,The set consisted of 32 randomly selected unstimulated whole saliva samples from patients with a parotid gland neoplasm and was obtained from the SGTB; 14 were collected,Whole Saliva,Parotid Salivary Gland Neoplasms,Upregulated,
hsa-miR-34c-5p,AGGCAGUGUAGUUAGCUGAUUGC,55.04,46.831999999999994,GCAATCAGCTAAC,33.79,40.456999999999994,TACACTGCCT,23.01,37.22299999999999,TACACTGCCTttccttttacgacctcaatgctgctgctgtactactcttGCAATCAGCTAAC,In total 48 HNSCC patients treated by definitive IMRT were enrolled in this study.,Saliva,Head and Neck Cancer,Upregulated,
hsa-miR-106b-5p,UAAAGUGCUGACAGUGCAGAU,51.74,45.84199999999999,ATCTGCACTGT,27.75,38.64499999999999,CAGCACTTTA,18.66,35.91799999999999,CAGCACTTTAttccttttacgacctcaatgctgctgctgtactactcttATCTGCACTGT,"Twenty-four patients turned out to fulfill the classification criteria for pSS, whereas 16 patients did not (non-pSS, randomly selected from the original nonpSS cohort).",Saliva,Primary Sjogren's Syndrome,Downregulated,
hsa-miR-23b-5p,UGGGUUCCUGGCAUGCUGAUUU,56.77,46.777,AAATCAGCATGCC,36.15,40.591,AGGAACCCA,17.7,35.056000000000004,AGGAACCCAttccttttacgatcgcgcttggtataatcgctacttcttAAATCAGCATGCC,OPMD patients were clinically diagnosed by the neurologist based on the common clinical OPMD symptoms. OPMD was genetically confirmed using a genetic test. Patients with OPMD-like symptoms without a genetic confirmation were excluded.,Saliva,Oculopharyngeal Muscular Dystrophy (OPMD),Upregulated,
hsa-miR-23b-3p,AUCACAUUGCCAGGGAUUACCAC,54.95,46.231,GTGGTAATCCCTG,34.23,40.015,GCAATGTGAT,20.05,35.761,GCAATGTGATttccttttacgatcgcgcttggtataatcgctacttcttGTGGTAATCCCTG,"The test group for this study consisted of 4 patients who were diagnosed with AP, and the control group consisted of 4 patients with healthy periodontia.",Saliva,Aggressive Periodontitis,Downregulated,
hsa-miR-30b-3p,CUGGGAGGUGGAUGUUUACUUC,52.52,46.07599999999999,GAAGTAAACATCC,28.67,38.92099999999999,ACCTCCCAG,19.78,36.25399999999999,ACCTCCCAGttccttttacgacctcaatgctgctgctgtactactcttGAAGTAAACATCC,Saliva samples from 22 newly diagnosed NPC patients and 25 healthy donors (discovery cohort) used for candidate miRNA biomarker screening and an additional collection of saliva samples from 8 NPC patients and 8 healthy donors (validation cohort),Saliva,Head and Neck Cancer,Downregulated,
hsa-miR-124-3p,UAAGGCACGCGGUGAAUGCCAA,59.67,48.221,TTGGCATTCACCG,39.48,42.163999999999994,CGTGCCTTA,19.58,36.193999999999996,CGTGCCTTAttccttttacgacctcaatgctgctgctgtactactcttTTGGCATTCACCG,"All 216 individuals belong to the high altitude mestizo Ecuadorian population (2,800 meters above sea level). Unstimulated whole mouth resting saliva was collected from 108 HNSCC patients (stages 1 to 4)",Saliva,Head and Neck Cancer,Upregulated,
hsa-miR-133a-5p,AGCUGGUAAAAUGGAACCAAAU,50.52,44.902,ATTTGGTTCCAT,26.54,37.708000000000006,TTTACCAGCT,19.21,35.509,TTTACCAGCTttccttttacgatcgcgcttggtataatcgctacttcttATTTGGTTCCAT,OPMD patients were clinically diagnosed by the neurologist based on the common clinical OPMD symptoms. OPMD was genetically confirmed using a genetic test. Patients with OPMD-like symptoms without a genetic confirmation were excluded.,Saliva,Oculopharyngeal Muscular Dystrophy (OPMD),Downregulated,
hsa-miR-125b-2-3p,UCACAAGUCAGGCUCUUGGGAC,56.25,47.19499999999999,GTCCCAAGAGCC,36.77,41.35099999999999,TGACTTGTGA,19.66,36.217999999999996,TGACTTGTGAttccttttacgacctcaatgctgctgctgtactactcttGTCCCAAGAGCC,Saliva was obtained from male professional players in England's elite rugby union competition across two seasons (2017-2019).,Saliva,Concussion,Downregulated,
hsa-miR-134-3p,CCUGUGGGCCACCUAGUCACCAA,60.11,47.779,TTGGTGACTAGGTG,37.7,41.056000000000004,GCCCACAGG,25.76,37.474000000000004,GCCCACAGGttccttttacgatcgcgcttggtataatcgctacttcttTTGGTGACTAGGTG,"In this study, 124 healthy men were recruited, and were exposed at simulated high altitude of 4,500 m.",Saliva,Acute Mountain Sickness,Upregulated,
hsa-miR-136-3p,CAUCAUCGUCUCAAAUGAGUCU,50.23,44.815000000000005,AGACTCATTTGA,25.48,37.39,GACGATGATG,21.25,36.121,GACGATGATGttccttttacgatcgcgcttggtataatcgctacttcttAGACTCATTTGA,OPMD patients were clinically diagnosed by the neurologist based on the common clinical OPMD symptoms. OPMD was genetically confirmed using a genetic test. Patients with OPMD-like symptoms without a genetic confirmation were excluded.,Saliva,Oculopharyngeal Muscular Dystrophy (OPMD),Downregulated,
hsa-miR-193a-5p,UGGGUCUUUGCGGGCGAGAUGA,60.5,47.896,TCATCTCGCCCG,39.72,41.662,CAAAGACCCA,21.87,36.307,CAAAGACCCAttccttttacgatcgcgcttggtataatcgctacttcttTCATCTCGCCCG,All 12 CLP patients were consecutively enrolled at the Orthodontics Clinic of the University of Campania ÒL. VanvitelliÓ from January 2015 to January 2016.,Saliva,Cleft Lip and Palate (CLP),Upregulated,Exosomal
hsa-miR-200a-3p,UAACACUGUCUGGUAACGAUGU,51.28,45.13,ACATCGTTACCA,30.12,38.782000000000004,GACAGTGTTA,17.33,34.945,GACAGTGTTAttccttttacgatcgcgcttggtataatcgctacttcttACATCGTTACCA,"Ten women aged 50 to 60 years were recruited and randomly and equally divided into either a K-diet group or control diet group (n = 5, each group) [20].",Saliva,Type 1 diabetes,Upregulated,
hsa-miR-29c-3p,UAGCACCAUUUGAAAUCGGUUA,50.21,44.809000000000005,TAACCGATTTCA,26.51,37.699000000000005,AATGGTGCTA,19.34,35.548,AATGGTGCTAttccttttacgatcgcgcttggtataatcgctacttcttTAACCGATTTCA,"One hundred and seven saliva samples from 51 CRC patients, 19 adenomas and 37 healthy Individuals were collected from 2014 to 2020",Saliva,Colorectal Cancer (CRC),Upregulated,
hsa-miR-328-3p,CUGGCCCUCUCUGCCCUUCCGU,62.18,48.4,ACGGAAGGGCAG,39.5,41.596000000000004,AGAGGGCCAG,28.82,38.392,AGAGGGCCAGttccttttacgatcgcgcttggtataatcgctacttcttACGGAAGGGCAG,"Twenty-four patients turned out to fulfill the classification criteria for pSS, whereas 16 patients did not (non-pSS, randomly selected from the original nonpSS cohort).",Saliva,Primary Sjogren's Syndrome,Downregulated,
hsa-miR-331-3p,GCCCCUGGGCCUAUCCUAGAA,56.78,46.78,TTCTAGGATAGGC,30.9,39.016,CCAGGGGC,20.5,35.896,CCAGGGGCttccttttacgatcgcgcttggtataatcgctacttcttTTCTAGGATAGGC,In total 48 HNSCC patients treated by definitive IMRT were enrolled in this study.,Saliva,Head and Neck Cancer,Upregulated,
hsa-miR-335-5p,UCAAGAGCAAUAACGAAAAAUGU,49.61,45.202999999999996,ACATTTTTCGTTA,27.38,38.53399999999999,TTGCTCTTGA,20.38,36.43399999999999,TTGCTCTTGAttccttttacgacctcaatgctgctgctgtactactcttACATTTTTCGTTA,Forty pSS patients and 20 sex- and age-matched healthy volunteers were included.,Salivary gland,Primary Sjogren's Syndrome,,
hsa-miR-339-5p,UCCCUGUCCUCCAGGAGCUCACG,61.29,48.133,CGTGAGCTCCTG,37.58,41.02,GAGGACAGGGA,30.38,38.86,GAGGACAGGGAttccttttacgatcgcgcttggtataatcgctacttcttCGTGAGCTCCTG,Saliva was obtained from male professional players in England's elite rugby union competition across two seasons (2017-2019).,Saliva,Concussion,Upregulated,
hsa-miR-342-3p,UCUCACACAGAAAUCGCACCCGU,58.59,47.323,ACGGGTGCGA,35.16,40.294000000000004,TTTCTGTGTGAGA,31.97,39.337,TTTCTGTGTGAGAttccttttacgatcgcgcttggtataatcgctacttcttACGGGTGCGA,All 12 CLP patients were consecutively enrolled at the Orthodontics Clinic of the University of Campania ÒL. VanvitelliÓ from January 2015 to January 2016.,Saliva,Cleft Lip and Palate (CLP),Upregulated,Exosomal
hsa-miR-135b-5p,UAUGGCUUUUCAUUCCUAUGUGA,49.75,44.671,TCACATAGGAATG,29.26,38.524,AAAAGCCATA,15.52,34.402,AAAAGCCATAttccttttacgatcgcgcttggtataatcgctacttcttTCACATAGGAATG,"Saliva samples from a total of 20 subjects (discovery group) were analyzed. In particular, saliva samples of 10 concussed and 10 non-concussed athletes were used to screen proteins and 6 concussed and 6 non-concussed athletes for microRNA analysis.",Saliva,Mild traumatic brain injury (mTBI),Upregulated,
hsa-miR-200c-3p,UAAUACUGCCGGGUAAUGAUGGA,53.09,46.24699999999999,TCCATCATTACCC,32.15,39.964999999999996,GGCAGTATTA,16.39,35.236999999999995,GGCAGTATTAttccttttacgacctcaatgctgctgctgtactactcttTCCATCATTACCC,OPMD patients were clinically diagnosed by the neurologist based on the common clinical OPMD symptoms. OPMD was genetically confirmed using a genetic test. Patients with OPMD-like symptoms without a genetic confirmation were excluded.,Saliva,Oculopharyngeal Muscular Dystrophy (OPMD),Upregulated,
hsa-miR-155-5p,UUAAUGCUAAUCGUGAUAGGGGUU,51.83,45.86899999999999,AACCCCTATCAC,29.75,39.24499999999999,GATTAGCATTAA,20.63,36.50899999999999,GATTAGCATTAAttccttttacgacctcaatgctgctgctgtactactcttAACCCCTATCAC,Total of 35 HFMD suspected throat swab and saliva clinical samples were obtained from Kandang Kerbau (KK) Women's and Children's Hospital from August 2012 to February 2016.,Saliva,"Hand, Foot and Mouth Disease (HFMD)",,
hsa-miR-128-2-5p,GGGGGCCGAUACACUGUACGAGA,59.56,47.614,TCTCGTACAGTGTA,35.7,40.456,TCGGCCCCC,31.95,39.331,TCGGCCCCCttccttttacgatcgcgcttggtataatcgctacttcttTCTCGTACAGTGTA,"15 young participants and 14 old participants were recruited in this study. The participants with hypertension and dyslipidemia (two old participants), hyperuricemia (one old participant), and asthma (one young participant) were included.",Saliva,Aging,Upregulated,Exosomal
hsa-miR-34b-5p,UAGGCAGUGUCAUUAGCUGAUUG,52.68,45.550000000000004,CAATCAGCTAATG,29.5,38.596000000000004,ACACTGCCTA,23.01,36.649,ACACTGCCTAttccttttacgatcgcgcttggtataatcgctacttcttCAATCAGCTAATG,In total 48 HNSCC patients treated by definitive IMRT were enrolled in this study.,Saliva,Head and Neck Cancer,Upregulated,
hsa-miR-34b-3p,CAAUCACUAACUCCACUGCCAU,52.5,46.06999999999999,ATGGCAGTGGA,31.18,39.67399999999999,GTTAGTGATTG,19.93,36.29899999999999,GTTAGTGATTGttccttttacgacctcaatgctgctgctgtactactcttATGGCAGTGGA,Saliva was obtained from male professional players in England's elite rugby union competition across two seasons (2017-2019).,Saliva,Concussion,Upregulated,
hsa-miR-34c-3p,AAUCACUAACCACACGGCCAGG,56.91,46.818999999999996,CCTGGCCGTG,34.26,40.024,TGGTTAGTGATT,25.26,37.324000000000005,TGGTTAGTGATTttccttttacgatcgcgcttggtataatcgctacttcttCCTGGCCGTG,Saliva was obtained from male professional players in England's elite rugby union competition across two seasons (2017-2019).,Saliva,Concussion,Upregulated,
hsa-miR-299-3p,UAUGUGGGAUGGUAAACCGCUU,53.78,46.45399999999999,AAGCGGTTTACC,33.27,40.300999999999995,ATCCCACATA,16.69,35.32699999999999,ATCCCACATAttccttttacgacctcaatgctgctgctgtactactcttAAGCGGTTTACC,"Compared saliva miRNA profiles between OSCC patients and healthy controls of similar age, gender, ethnicity, and smoking history",Whole Saliva,Oral Cancer,,Exosomal
hsa-miR-365a-5p,AGGGACUUUUGGGGGCAGAUGUG,58.8,47.386,CACATCTGCCCC,37.38,40.96,CAAAAGTCCCT,25.03,37.255,CAAAAGTCCCTttccttttacgatcgcgcttggtataatcgctacttcttCACATCTGCCCC,"15 young participants and 14 old participants were recruited in this study. The participants with hypertension and dyslipidemia (two old participants), hyperuricemia (one old participant), and asthma (one young participant) were included.",Saliva,Aging,Upregulated,Exosomal
hsa-miR-302b-3p,UAAGUGCUUCCAUGUUUUAGUAG,48.58,44.89399999999999,CTACTAAAACATG,25.16,37.867999999999995,GAAGCACTTA,18.03,35.72899999999999,GAAGCACTTAttccttttacgacctcaatgctgctgctgtactactcttCTACTAAAACATG,5 OSCC patients and 5 healthy controls whereby a subset of miRNAs were identified that were differentially expressed.,Saliva,Oral squamous cell carcinoma (OSCC),,Exosomal
hsa-miR-376c-3p,AACAUAGAGGAAAUUCCACGU,49.07,45.04099999999999,ACGTGGAATTT,25.2,37.879999999999995,CCTCTATGTT,15.23,34.888999999999996,CCTCTATGTTttccttttacgacctcaatgctgctgctgtactactcttACGTGGAATTT,5 OSCC patients and 5 healthy controls whereby a subset of miRNAs were identified that were differentially expressed.,Saliva,Oral squamous cell carcinoma (OSCC),Downregulated,Exosomal
hsa-miR-371a-5p,ACUCAAACUGUGGGGGCACU,55.64,46.438,AGTGCCCCCA,32.03,39.355000000000004,CAGTTTGAGT,18.33,35.245000000000005,CAGTTTGAGTttccttttacgatcgcgcttggtataatcgctacttcttAGTGCCCCCA,"15 young participants and 14 old participants were recruited in this study. The participants with hypertension and dyslipidemia (two old participants), hyperuricemia (one old participant), and asthma (one young participant) were included.",Saliva,Aging,Upregulated,Exosomal
hsa-miR-373-3p,GAAGUGCUUCGAUUUUGGGGUGU,55.96,46.534,ACACCCCAAAATC,34.48,40.09,GAAGCACTTC,21.71,36.259,GAAGCACTTCttccttttacgatcgcgcttggtataatcgctacttcttACACCCCAAAATC,5 OSCC patients and 5 healthy controls whereby a subset of miRNAs were identified that were differentially expressed.,Saliva,Oral squamous cell carcinoma (OSCC),,Exosomal
hsa-miR-374a-3p,CUUAUCAGAUUGUAUUGUAAUU,41.75,42.271,AATTACAATACA,18.34,35.248000000000005,ATCTGATAAG,10.67,32.947,ATCTGATAAGttccttttacgatcgcgcttggtataatcgctacttcttAATTACAATACA,In total 48 HNSCC patients treated by definitive IMRT were enrolled in this study.,Saliva,Head and Neck Cancer,Downregulated,
hsa-miR-376a-5p,GUAGAUUCUCCUUCUAUGAGUA,45.55,43.411,TACTCATAGAAG,21.21,36.109,GAGAATCTAC,13.57,33.817,GAGAATCTACttccttttacgatcgcgcttggtataatcgctacttcttTACTCATAGAAG,"A total of 218 samples were collected from 50 amateur MMA fights (42 unique, 8 repeat fighters), including 87 saliva and 131 serum samples.",Saliva,Mild Traumatic Brain Injury (mTBI),Downregulated,
hsa-miR-378a-5p,CUCCUGACUCCAGGUCCUGUGU,57.05,46.861,ACACAGGACCTG,34.59,40.123000000000005,GAGTCAGGAG,22.04,36.358000000000004,GAGTCAGGAGttccttttacgatcgcgcttggtataatcgctacttcttACACAGGACCTG,"538 individuals, ages 5-66 years with a clinical diagnosis of mTBI and compared to a control group of 287 individuals with absence of mTBI in the previous 12 weeks and clinical resolution of any previous mTB.",Saliva,Mild traumatic brain injury (mTBI),Downregulated,
hsa-miR-378a-3p,ACUGGACUUGGAGUCAGAAGGC,55.98,47.11399999999999,GCCTTCTGACTC,33.2,40.279999999999994,CAAGTCCAGT,21.53,36.778999999999996,CAAGTCCAGTttccttttacgacctcaatgctgctgctgtactactcttGCCTTCTGACTC,In total 48 HNSCC patients treated by definitive IMRT were enrolled in this study.,Saliva,Head and Neck Cancer,,
hsa-miR-379-5p,UGGUAGACUAUGGAACGUAGG,50.17,44.797000000000004,CCTACGTTCCA,28.63,38.335,TAGTCTACCA,15.11,34.279,TAGTCTACCAttccttttacgatcgcgcttggtataatcgctacttcttCCTACGTTCCA,OPMD patients were clinically diagnosed by the neurologist based on the common clinical OPMD symptoms. OPMD was genetically confirmed using a genetic test. Patients with OPMD-like symptoms without a genetic confirmation were excluded.,Saliva,Oculopharyngeal Muscular Dystrophy (OPMD),Upregulated,
hsa-miR-381-3p,UAUACAAGGGCAAGCUCUCUGU,52.91,45.619,ACAGAGAGCTTG,31.56,39.214000000000006,CCCTTGTATA,14.28,34.03,CCCTTGTATAttccttttacgatcgcgcttggtataatcgctacttcttACAGAGAGCTTG,"The number of participants of the no/mild periodontitis group, the moderate periodontitis group, and the severe periodontitis group was 26, 58, and 36 respectively",Supernatant Saliva,Periodontitis,Upregulated,Exosomal
hsa-miR-382-5p,GAAGUUGUUCGUGGUGGAUUCG,54.39,46.063,CGAATCCACCAC,34.48,40.09,GAACAACTTC,17.48,34.99,GAACAACTTCttccttttacgatcgcgcttggtataatcgctacttcttCGAATCCACCAC,OPMD patients were clinically diagnosed by the neurologist based on the common clinical OPMD symptoms. OPMD was genetically confirmed using a genetic test. Patients with OPMD-like symptoms without a genetic confirmation were excluded.,Saliva,Oculopharyngeal Muscular Dystrophy (OPMD),Upregulated,
hsa-miR-337-5p,GAACGGCUUCAUACAGGAGUU,52.23,45.415,AACTCCTGTATGA,30.24,38.818000000000005,AGCCGTTC,15.64,34.438,AGCCGTTCttccttttacgatcgcgcttggtataatcgctacttcttAACTCCTGTATGA,5 OSCC patients and 5 healthy controls whereby a subset of miRNAs were identified that were differentially expressed.,Saliva,Oral squamous cell carcinoma (OSCC),,Exosomal
hsa-miR-324-3p,CCCACUGCCCCAGGUGCUGCUGG,65.76,50.047999999999995,CCAGCAGCACCTG,43.31,43.312999999999995,GGGCAGTGGG,32.81,40.16299999999999,GGGCAGTGGGttccttttacgacctcaatgctgctgctgtactactcttCCAGCAGCACCTG,All 12 CLP patients were consecutively enrolled at the Orthodontics Clinic of the University of Campania ÒL. VanvitelliÓ from January 2015 to January 2016.,Saliva,Cleft Lip and Palate (CLP),Upregulated,Exosomal
hsa-miR-339-3p,UGAGCGCCUCGACGACAGAGCCG,64.95,49.804999999999986,CGGCTCTGTCGTC,43.11,43.25299999999999,GAGGCGCTCA,32.32,40.01599999999999,GAGGCGCTCAttccttttacgacctcaatgctgctgctgtactactcttCGGCTCTGTCGTC,This study involved two analysis groups: (1) a case-control comparison between 13 former professional American football athletes and 18 age/gender-matched controls (ages 46-89 years); and (2) a cross-sectional study of 310 individuals (ages 7 to 39 years),Saliva,Cumulative Concussion,Upregulated,Exosomal
hsa-miR-335-3p,UUUUUCAUUAUUGCUCCUGACC,49.14,44.488,GGTCAGGAGC,28.01,38.149,AATAATGAAAAA,16.2,34.606,AATAATGAAAAAttccttttacgatcgcgcttggtataatcgctacttcttGGTCAGGAGC,"45 subjects were recruited for the study, including 24 subjects with a current diagnosis of ASD and 21 non-ASD control subjects.",Saliva,Autism Spectrum Disorder (ASD),Upregulated,
hsa-miR-409-3p,GAAUGUUGCUCGGUGAACCCCU,57.17,46.897,AGGGGTTCACCG,38.69,41.353,AGCAACATTC,19.93,35.725,AGCAACATTCttccttttacgatcgcgcttggtataatcgctacttcttAGGGGTTCACCG,"Twenty-four patients turned out to fulfill the classification criteria for pSS, whereas 16 patients did not (non-pSS, randomly selected from the original nonpSS cohort).",Saliva,Primary Sjogren's Syndrome,Downregulated,
hsa-miR-423-5p,UGAGGGGCAGAGAGCGAGACUUU,59.37,48.13099999999999,AAAGTCTCGCTCT,35.7,41.029999999999994,CTGCCCCTCA,29.6,39.199999999999996,CTGCCCCTCAttccttttacgacctcaatgctgctgctgtactactcttAAAGTCTCGCTCT,Saliva samples were collected from consecutive patients with a diagnosis of primary OSCC,Saliva,Oral Cancer,Upregulated,
hsa-miR-424-3p,CAAAACGUGAGGCGCUGCUAU,56.13,46.585,ATAGCAGCGCC,35.38,40.36000000000001,TCACGTTTTG,21.3,36.136,TCACGTTTTGttccttttacgatcgcgcttggtataatcgctacttcttATAGCAGCGCC,In total 48 HNSCC patients treated by definitive IMRT were enrolled in this study.,Saliva,Head and Neck Cancer,Upregulated,
hsa-miR-425-5p,AAUGACACGAUCACUCCCGUUGA,56.25,46.621,TCAACGGGAGTG,35.64,40.438,ATCGTGTCATT,24.44,37.078,ATCGTGTCATTttccttttacgatcgcgcttggtataatcgctacttcttTCAACGGGAGTG,The set consisted of 32 randomly selected unstimulated whole saliva samples from patients with a parotid gland neoplasm and was obtained from the SGTB; 14 were collected,Whole Saliva,Parotid Salivary Gland Neoplasms,Upregulated,
hsa-miR-18b-5p,UAAGGUGCAUCUAGUGCAGUUAG,52.12,45.382,CTAACTGCACTAG,31.2,39.106,ATGCACCTTA,19.34,35.548,ATGCACCTTAttccttttacgatcgcgcttggtataatcgctacttcttCTAACTGCACTAG,Total of 35 HFMD suspected throat swab and saliva clinical samples were obtained from Kandang Kerbau (KK) Women's and Children's Hospital from August 2012 to February 2016.,Saliva,"Hand, Foot and Mouth Disease (HFMD)",,
hsa-miR-432-5p,UCUUGGAGUAGGUCAUUGGGUGG,55.6,46.99999999999999,CCACCCAATGAC,33.77,40.45099999999999,CTACTCCAAGA,22.51,37.07299999999999,CTACTCCAAGAttccttttacgacctcaatgctgctgctgtactactcttCCACCCAATGAC,OPMD patients were clinically diagnosed by the neurologist based on the common clinical OPMD symptoms. OPMD was genetically confirmed using a genetic test. Patients with OPMD-like symptoms without a genetic confirmation were excluded.,Saliva,Oculopharyngeal Muscular Dystrophy (OPMD),Upregulated,
hsa-miR-412-3p,ACUUCACCUGGUCCACUAGCCGU,59.3,48.10999999999999,ACGGCTAGTGGA,36.53,41.27899999999999,CCAGGTGAAGT,28.43,38.849,CCAGGTGAAGTttccttttacgacctcaatgctgctgctgtactactcttACGGCTAGTGGA,5 OSCC patients and 5 healthy controls whereby a subset of miRNAs were identified that were differentially expressed.,Saliva,Oral squamous cell carcinoma (OSCC),Upregulated,Exosomal
hsa-miR-485-3p,GUCAUACACGGCUCUCCUCUCU,55.11,46.85299999999999,AGAGAGGAGAGC,32.72,40.13599999999999,CGTGTATGAC,21.31,36.712999999999994,CGTGTATGACttccttttacgacctcaatgctgctgctgtactactcttAGAGAGGAGAGC,OPMD patients were clinically diagnosed by the neurologist based on the common clinical OPMD symptoms. OPMD was genetically confirmed using a genetic test. Patients with OPMD-like symptoms without a genetic confirmation were excluded.,Saliva,Oculopharyngeal Muscular Dystrophy (OPMD),Upregulated,
kshv-miR-K12-7-5p,AGCGCCACCGGACGGGGAUUUAUG,63.15,49.26499999999999,CATAAATCCCCGTCC,41.02,42.626,GGTGGCGCT,30.51,39.47299999999999,GGTGGCGCTttccttttacgacctcaatgctgctgctgtactactcttCATAAATCCCCGTCC,Saliva samples were collected from consecutive patients with a diagnosis of primary OSCC,Saliva,Oral Cancer,Upregulated,
hsa-miR-491-5p,AGUGGGGAACCCUUCCAUGAGG,57.6,47.599999999999994,CCTCATGGAAGG,32.07,39.940999999999995,GTTCCCCACT,25.11,37.852999999999994,GTTCCCCACTttccttttacgacctcaatgctgctgctgtactactcttCCTCATGGAAGG,"One hundred and seven saliva samples from 51 CRC patients, 19 adenomas and 37 healthy Individuals were collected from 2014 to 2019",Saliva,Colorectal Cancer (CRC),Upregulated,
hsa-miR-146b-5p,UGAGAACUGAAUUCCAUAGGCUG,52.31,45.439,CAGCCTATGGAA,30.69,38.953,TTCAGTTCTCA,22.48,36.49,TTCAGTTCTCAttccttttacgatcgcgcttggtataatcgctacttcttCAGCCTATGGAA,OPMD patients were clinically diagnosed by the neurologist based on the common clinical OPMD symptoms. OPMD was genetically confirmed using a genetic test. Patients with OPMD-like symptoms without a genetic confirmation were excluded.,Saliva,Oculopharyngeal Muscular Dystrophy (OPMD),Upregulated,
hsa-miR-493-5p,UUGUACAUGGUAGGCUUUCAUU,49.78,45.25399999999999,AATGAAAGCCTA,25.86,38.077999999999996,CCATGTACAA,17.56,35.587999999999994,CCATGTACAAttccttttacgacctcaatgctgctgctgtactactcttAATGAAAGCCTA,OPMD patients were clinically diagnosed by the neurologist based on the common clinical OPMD symptoms. OPMD was genetically confirmed using a genetic test. Patients with OPMD-like symptoms without a genetic confirmation were excluded.,Saliva,Oculopharyngeal Muscular Dystrophy (OPMD),Upregulated,
hsa-miR-193b-5p,CGGGGUUUUGAGGGCGAGAUGA,58.9,47.98999999999999,TCATCTCGCCCT,36.54,41.28199999999999,CAAAACCCCG,26.51,38.272999999999996,CAAAACCCCGttccttttacgacctcaatgctgctgctgtactactcttTCATCTCGCCCT,Saliva was obtained from male professional players in England's elite rugby union competition across two seasons (2017-2019).,Saliva,Concussion,Downregulated,
hsa-miR-193b-3p,AACUGGCCCUCAAAGUCCCGCU,60.37,47.857,AGCGGGACTTTG,36.69,40.753,AGGGCCAGTT,27.78,38.080000000000005,AGGGCCAGTTttccttttacgatcgcgcttggtataatcgctacttcttAGCGGGACTTTG,5 OSCC patients and 5 healthy controls whereby a subset of miRNAs were identified that were differentially expressed.,Saliva,Oral squamous cell carcinoma (OSCC),Downregulated,Exosomal
hsa-miR-502-3p,AAUGCACCUGGGCAAGGAUUCA,56.77,47.35099999999999,TGAATCCTTGCC,32.31,40.01299999999999,CAGGTGCATT,23.75,37.44499999999999,CAGGTGCATTttccttttacgacctcaatgctgctgctgtactactcttTGAATCCTTGCC,All 12 CLP patients were consecutively enrolled at the Orthodontics Clinic of the University of Campania ÒL. VanvitelliÓ from January 2015 to January 2016.,Saliva,Cleft Lip and Palate (CLP),Upregulated,Exosomal
hsa-miR-503-5p,UAGCAGCGGGAACAGUUCUGCAG,59.21,47.509,CTGCAGAACTGTT,35.12,40.282000000000004,CCCGCTGCTA,31.42,39.172000000000004,CCCGCTGCTAttccttttacgatcgcgcttggtataatcgctacttcttCTGCAGAACTGTT,In total 48 HNSCC patients treated by definitive IMRT were enrolled in this study.,Saliva,Head and Neck Cancer,Upregulated,
hsa-miR-561-5p,AUCAAGGAUCUUAAACUUUGCC,48.85,44.401,GGCAAAGTTTAA,26.49,37.693000000000005,GATCCTTGAT,15.95,34.531,GATCCTTGATttccttttacgatcgcgcttggtataatcgctacttcttGGCAAAGTTTAA,Saliva was obtained from male professional players in England's elite rugby union competition across two seasons (2017-2019).,Saliva,Concussion,Upregulated,
hsa-miR-582-3p,UAACUGGUUGAACAACUGAACC,50.93,45.025,GGTTCAGTTGTT,29.32,38.542,CAACCAGTTA,17.44,34.978,CAACCAGTTAttccttttacgatcgcgcttggtataatcgctacttcttGGTTCAGTTGTT,"538 individuals, ages 5-66 years with a clinical diagnosis of mTBI and compared to a control group of 287 individuals with absence of mTBI in the previous 12 weeks and clinical resolution of any previous mTB.",Saliva,Mild traumatic brain injury (mTBI),Upregulated,
hsa-miR-590-3p,UAAUUUUAUGUAUAAGCUAGU,39.09,41.473000000000006,ACTAGCTTAT,12.4,33.466,ACATAAAATTA,10.52,32.902,ACATAAAATTAttccttttacgatcgcgcttggtataatcgctacttcttACTAGCTTAT,In total 48 HNSCC patients treated by definitive IMRT were enrolled in this study.,Saliva,Head and Neck Cancer,Downregulated,
hsa-miR-619-5p,GCUGGGAUUACAGGCAUGAGCC,57.69,47.053000000000004,GGCTCATGCCT,33.86,39.904,GTAATCCCAGC,27.02,37.852000000000004,GTAATCCCAGCttccttttacgatcgcgcttggtataatcgctacttcttGGCTCATGCCT,Saliva was obtained from male professional players in England's elite rugby union competition across two seasons (2017-2019).,Saliva,Concussion,Upregulated,
hsa-miR-628-5p,AUGCUGACAUAUUUACUAGAGG,47.05,43.861,CCTCTAGTAAATA,23.28,36.730000000000004,TGTCAGCAT,16.24,34.618,TGTCAGCATttccttttacgatcgcgcttggtataatcgctacttcttCCTCTAGTAAATA,"45 subjects were recruited for the study, including 24 subjects with a current diagnosis of ASD and 21 non-ASD control subjects.",Saliva,Autism Spectrum Disorder (ASD),Upregulated,
hsa-miR-629-3p,GUUCUCCCAACGUAAGCCCAGC,57.84,47.098000000000006,GCTGGGCTTACG,38.55,41.311,TTGGGAGAAC,21.24,36.118,TTGGGAGAACttccttttacgatcgcgcttggtataatcgctacttcttGCTGGGCTTACG,"Eight CP and eight healthy individuals were recruited from Dental Clinic, Universiti Sains Malaysia (USM), Health Campus, Kelantan, Malaysia.",Saliva,Periodontitis,Downregulated,Non-exosomal
hsa-miR-449b-5p,AGGCAGUGUAUUGUUAGCUGGC,55.05,46.83499999999999,GCCAGCTAACA,30.34,39.42199999999999,ATACACTGCCT,26.25,38.19499999999999,ATACACTGCCTttccttttacgacctcaatgctgctgctgtactactcttGCCAGCTAACA,In total 48 HNSCC patients treated by definitive IMRT were enrolled in this study.,Saliva,Head and Neck Cancer,Upregulated,
hsa-miR-449b-3p,CAGCCACAACUACCCUGCCACU,58.76,47.94799999999999,AGTGGCAGGGT,34.74,40.742,AGTTGTGGCTG,30.65,39.51499999999999,AGTTGTGGCTGttccttttacgacctcaatgctgctgctgtactactcttAGTGGCAGGGT,Saliva was obtained from male professional players in England's elite rugby union competition across two seasons (2017-2019).,Saliva,Concussion,Upregulated,
hsa-miR-654-5p,UGGUGGGCCGCAGAACAUGUGC,62.39,48.463,GCACATGTTCTGC,38.36,41.254,GGCCCACCA,27.58,38.02,GGCCCACCAttccttttacgatcgcgcttggtataatcgctacttcttGCACATGTTCTGC,Saliva samples were collected from consecutive patients with a diagnosis of primary OSCC,Saliva,Oral Cancer,Upregulated,
hsa-miR-542-5p,UCGGGGAUCAUCAUGUCACGAGA,57.15,46.891,TCTCGTGACATGA,35.37,40.357,TGATCCCCGA,26.66,37.744,TGATCCCCGAttccttttacgatcgcgcttggtataatcgctacttcttTCTCGTGACATGA,In total 48 HNSCC patients treated by definitive IMRT were enrolled in this study.,Saliva,Head and Neck Cancer,Upregulated,
hsa-miR-671-5p,AGGAAGCCCUGGAGGGGCUGGAG,63.46,49.358,CTCCAGCCCCTC,39.02,42.025999999999996,CAGGGCTTCCT,32.14,39.961999999999996,CAGGGCTTCCTttccttttacgacctcaatgctgctgctgtactactcttCTCCAGCCCCTC,"15 young participants and 14 old participants were recruited in this study. The participants with hypertension and dyslipidemia (two old participants), hyperuricemia (one old participant), and asthma (one young participant) were included.",Saliva,Aging,Upregulated,Exosomal
hsa-miR-671-3p,UCCGGUUCUCAGGGCUCCACC,59.91,48.29299999999999,GGTGGAGCCCT,35.9,41.089999999999996,GAGAACCGGA,25.64,38.01199999999999,GAGAACCGGAttccttttacgacctcaatgctgctgctgtactactcttGGTGGAGCCCT,Saliva was obtained from male professional players in England's elite rugby union competition across two seasons (2017-2019).,Saliva,Concussion,Upregulated,
hsa-miR-1224-5p,GUGAGGACUCGGGAGGUGG,55.54,46.98199999999999,CCACCTCCCG,31.98,39.913999999999994,AGTCCTCAC,16.07,35.14099999999999,AGTCCTCACttccttttacgacctcaatgctgctgctgtactactcttCCACCTCCCG,"Eight CP and eight healthy individuals were recruited from Dental Clinic, Universiti Sains Malaysia (USM), Health Campus, Kelantan, Malaysia.",Saliva,Periodontitis,Upregulated,Non-exosomal
hsa-miR-320b,AAAAGCUGGGUUGAGAGGGCAA,56.64,47.31199999999999,TTGCCCTCTCAA,33.46,40.358,CCCAGCTTTT,23.17,37.270999999999994,CCCAGCTTTTttccttttacgacctcaatgctgctgctgtactactcttTTGCCCTCTCAA,Twelve patients (6 males and 6 females) with pancreatobiliary tract cancers,Saliva,Fibromyalgia,,
hsa-miR-320c,AAAAGCUGGGUUGAGAGGGU,53.16,45.694,ACCCTCTCAAC,27.86,38.104,CCAGCTTTT,15.07,34.267,CCAGCTTTTttccttttacgatcgcgcttggtataatcgctacttcttACCCTCTCAAC,Saliva samples were collected from consecutive patients with a diagnosis of primary OSCC,Saliva,Oral Cancer,Upregulated,
hsa-miR-449c-5p,UAGGCAGUGUAUUGCUAGCGGCUGU,60.06,47.764,ACAGCCGCTAGC,40.65,41.941,AATACACTGCCTA,30.92,39.022,AATACACTGCCTAttccttttacgatcgcgcttggtataatcgctacttcttACAGCCGCTAGC,In total 48 HNSCC patients treated by definitive IMRT were enrolled in this study.,Saliva,Head and Neck Cancer,Upregulated,
hsa-miR-766-3p,ACUCCAGCCCCACAGCCUCAGC,62.7,49.12999999999999,GCTGAGGCTGTG,38.3,41.809999999999995,GGGCTGGAGT,29.56,39.187999999999995,GGGCTGGAGTttccttttacgacctcaatgctgctgctgtactactcttGCTGAGGCTGTG,"One hundred and seven saliva samples from 51 CRC patients, 19 adenomas and 37 healthy Individuals were collected from 2014 to 2018",Saliva,Colorectal Cancer (CRC),Upregulated,
hsa-miR-744-5p,UGCGGGGCUAGGGCUAACAGCA,62.18,48.4,TGCTGTTAGCCCT,38.93,41.425000000000004,AGCCCCGCA,31.69,39.253,AGCCCCGCAttccttttacgatcgcgcttggtataatcgctacttcttTGCTGTTAGCCCT,"538 individuals, ages 5-66 years with a clinical diagnosis of mTBI and compared to a control group of 287 individuals with absence of mTBI in the previous 12 weeks and clinical resolution of any previous mTB.",Saliva,Mild traumatic brain injury (mTBI),,
hsa-miR-708-5p,AAGGAGCUUACAAUCUAGCUGGG,53.89,46.48699999999999,CCCAGCTAGATT,30.05,39.334999999999994,GTAAGCTCCTT,24.4,37.63999999999999,GTAAGCTCCTTttccttttacgacctcaatgctgctgctgtactactcttCCCAGCTAGATT,In total 48 HNSCC patients treated by definitive IMRT were enrolled in this study.,Saliva,Head and Neck Cancer,Downregulated,
hsa-miR-885-5p,UCCAUUACACUACCCUGCCUCU,54.22,46.012,AGAGGCAGGGT,33.5,39.796,AGTGTAATGGA,21.56,36.214,AGTGTAATGGAttccttttacgatcgcgcttggtataatcgctacttcttAGAGGCAGGGT,Saliva was obtained from male professional players in England's elite rugby union competition across two seasons (2017-2019).,Saliva,Concussion,Upregulated,
hsa-miR-887-3p,GUGAACGGGCGCCAUCCCGAGG,64.16,48.994,CCTCGGGATGGC,40.56,41.914,GCCCGTTCAC,31.19,39.103,GCCCGTTCACttccttttacgatcgcgcttggtataatcgctacttcttCCTCGGGATGGC,Saliva samples were collected from consecutive patients with a diagnosis of primary OSCC,Saliva,Oral Cancer,Upregulated,
hsa-miR-937-5p,GUGAGUCAGGGUGGGGCUGG,58.7,47.92999999999999,CCAGCCCCAC,32.81,40.16299999999999,CCTGACTCAC,23.41,37.342999999999996,CCTGACTCACttccttttacgacctcaatgctgctgctgtactactcttCCAGCCCCAC,Saliva samples from 22 newly diagnosed NPC patients and 25 healthy donors (discovery cohort) used for candidate miRNA biomarker screening and an additional collection of saliva samples from 8 NPC patients and 8 healthy donors (validation cohort),Saliva,Head and Neck Cancer,Downregulated,
hsa-miR-939-5p,UGGGGAGCUGAGGCUCUGGGGGUG,65.36,49.354000000000006,CACCCCCAGAGCC,44.65,43.141,TCAGCTCCCCA,33.66,39.844,TCAGCTCCCCAttccttttacgatcgcgcttggtataatcgctacttcttCACCCCCAGAGCC,"15 young participants and 14 old participants were recruited in this study. The participants with hypertension and dyslipidemia (two old participants), hyperuricemia (one old participant), and asthma (one young participant) were included.",Saliva,Aging,Downregulated,Exosomal
hsa-miR-942-3p,CACAUGGCCGAAACAGAGAAGU,55.28,46.90399999999999,ACTTCTCTGTTTC,30.26,39.39799999999999,GGCCATGTG,22.4,37.03999999999999,GGCCATGTGttccttttacgacctcaatgctgctgctgtactactcttACTTCTCTGTTTC,"Eight CP and eight healthy individuals were recruited from Dental Clinic, Universiti Sains Malaysia (USM), Health Campus, Kelantan, Malaysia.",Saliva,Periodontitis,Downregulated,Non-exosomal
hsa-miR-1180-3p,UUUCCGGCUCGCGUGGGUGUGU,63.39,49.336999999999996,ACACACCCACGC,41.29,42.706999999999994,GAGCCGGAAA,27.69,38.626999999999995,GAGCCGGAAAttccttttacgacctcaatgctgctgctgtactactcttACACACCCACGC,"538 individuals, ages 5-66 years with a clinical diagnosis of mTBI and compared to a control group of 287 individuals with absence of mTBI in the previous 12 weeks and clinical resolution of any previous mTB.",Saliva,Mild traumatic brain injury (mTBI),Downregulated,
hsa-miR-1238-5p,GUGAGUGGGAGCCCCAGUGUGUG,61.21,48.109,CACACACTGGGG,37.19,40.903,CTCCCACTCAC,29.99,38.743,CTCCCACTCACttccttttacgatcgcgcttggtataatcgctacttcttCACACACTGGGG,"15 young participants and 14 old participants were recruited in this study. The participants with hypertension and dyslipidemia (two old participants), hyperuricemia (one old participant), and asthma (one young participant) were included.",Saliva,Aging,Upregulated,Exosomal
hsa-miR-1287-5p,UGCUGGAUCAGUGGUUCGAGUC,56.42,47.24599999999999,GACTCGAACCAC,34.15,40.56499999999999,TGATCCAGCA,23.78,37.45399999999999,TGATCCAGCAttccttttacgacctcaatgctgctgctgtactactcttGACTCGAACCAC,"Eight CP and eight healthy individuals were recruited from Dental Clinic, Universiti Sains Malaysia (USM), Health Campus, Kelantan, Malaysia.",Saliva,Periodontitis,Downregulated,Non-exosomal
hsa-miR-548h-5p,AAAAGUAAUCGCGGUUUUUGUC,50.77,45.550999999999995,GACAAAAACCGC,33.87,40.480999999999995,GATTACTTTT,9.15,33.06499999999999,GATTACTTTTttccttttacgacctcaatgctgctgctgtactactcttGACAAAAACCGC,Saliva was obtained from male professional players in England's elite rugby union competition across two seasons (2017-2019).,Saliva,Concussion,Upregulated,
hsa-miR-1277-5p,AAAUAUAUAUAUAUAUGUACGUAU,38.11,41.179,ATACGTACATA,17.13,34.885,TATATATATATTT,9.76,32.674,TATATATATATTTttccttttacgatcgcgcttggtataatcgctacttcttATACGTACATA,In total 48 HNSCC patients treated by definitive IMRT were enrolled in this study.,Saliva,Head and Neck Cancer,Downregulated,
hsa-miR-1307-5p,UCGACCGGACCUCGACCGGCU,63.69,49.427,AGCCGGTCGAG,37.88,41.68399999999999,GTCCGGTCGA,31.19,39.67699999999999,GTCCGGTCGAttccttttacgacctcaatgctgctgctgtactactcttAGCCGGTCGAG,In total 48 HNSCC patients treated by definitive IMRT were enrolled in this study.,Saliva,Head and Neck Cancer,,
hsa-miR-1307-3p,ACUCGGCGUGGCGUCGGUCGUG,65.84,50.071999999999996,CACGACCGACGC,43.64,43.41199999999999,CACGCCGAGT,33.33,40.318999999999996,CACGCCGAGTttccttttacgacctcaatgctgctgctgtactactcttCACGACCGACGC,"A total of 218 samples were collected from 50 amateur MMA fights (42 unique, 8 repeat fighters), including 87 saliva and 131 serum samples.",Saliva,Mild Traumatic Brain Injury (mTBI),Downregulated,
hsa-miR-1537-5p,AGCUGUAAUUAGUCAGUUUUCU,47.27,43.927,AGAAAACTGACT,25.87,37.507000000000005,AATTACAGCT,15.2,34.306000000000004,AATTACAGCTttccttttacgatcgcgcttggtataatcgctacttcttAGAAAACTGACT,Saliva was obtained from male professional players in England's elite rugby union competition across two seasons (2017-2019).,Saliva,Concussion,Upregulated,
hsa-miR-320d,AAAAGCUGGGUUGAGAGGA,50.24,44.818000000000005,TCCTCTCAACC,27.33,37.945,CAGCTTTT,5.25,31.321000000000005,CAGCTTTTttccttttacgatcgcgcttggtataatcgctacttcttTCCTCTCAACC,Saliva samples were collected from consecutive patients with a diagnosis of primary OSCC,Saliva,Oral Cancer,Upregulated,
hsa-miR-1908-5p,CGGCGGGGACGGCGAUUGGUC,64.62,49.705999999999996,GACCAATCGCCG,39.41,42.142999999999994,TCCCCGCCG,33.61,40.40299999999999,TCCCCGCCGttccttttacgacctcaatgctgctgctgtactactcttGACCAATCGCCG,"15 young participants and 14 old participants were recruited in this study. The participants with hypertension and dyslipidemia (two old participants), hyperuricemia (one old participant), and asthma (one young participant) were included.",Saliva,Aging,Downregulated,Exosomal
hsa-miR-2277-5p,AGCGCGGGCUGAGCGCUGCCAGUC,69.65,50.641,GACTGGCAGCGCTC,48.25,44.221000000000004,AGCCCGCGCT,40.66,41.944,AGCCCGCGCTttccttttacgatcgcgcttggtataatcgctacttcttGACTGGCAGCGCTC,Saliva was obtained from male professional players in England's elite rugby union competition across two seasons (2017-2019).,Saliva,Concussion,Upregulated,
hsa-miR-2681-3p,UAUCAUGGAGUUGGUAAAGCAC,50.31,44.839000000000006,GTGCTTTACCA,26.38,37.660000000000004,ACTCCATGATA,20.34,35.848,ACTCCATGATAttccttttacgatcgcgcttggtataatcgctacttcttGTGCTTTACCA,"Individuals of balanced constitution (group P), Yang deficiency constitution (group Ya) and Yin deficiency constitution (group Yi) were chosen using a standardized questionnaire. A total of 15 subjects were finally included, with 5 in each group.",Saliva,Yang deficiency constitution,Downregulated,
hsv2-miR-H9-5p,CUCGGAGGUGGAGUCGCGGU,60.32,48.41599999999999,ACCGCGACTCC,38.48,41.86399999999999,ACCTCCGAG,21.18,36.67399999999999,ACCTCCGAGttccttttacgacctcaatgctgctgctgtactactcttACCGCGACTCC,Saliva samples were collected from consecutive patients with a diagnosis of primary OSCC,Saliva,Oral Cancer,Downregulated,
hsa-miR-3074-5p,GUUCCUGCUGAACUGAGCCAG,55.42,46.94599999999999,CTGGCTCAGTT,29.43,39.148999999999994,CAGCAGGAAC,25.43,37.94899999999999,CAGCAGGAACttccttttacgacctcaatgctgctgctgtactactcttCTGGCTCAGTT,"538 individuals, ages 5-66 years with a clinical diagnosis of mTBI and compared to a control group of 287 individuals with absence of mTBI in the previous 12 weeks and clinical resolution of any previous mTB.",Saliva,Mild traumatic brain injury (mTBI),,
hsa-miR-3162-5p,UUAGGGAGUAGAAGGGUGGGGAG,56.11,46.579,CTCCCCACCCT,34.29,40.033,TCTACTCCCTAA,25.23,37.315000000000005,TCTACTCCCTAAttccttttacgatcgcgcttggtataatcgctacttcttCTCCCCACCCT,"15 young participants and 14 old participants were recruited in this study. The participants with hypertension and dyslipidemia (two old participants), hyperuricemia (one old participant), and asthma (one young participant) were included.",Saliva,Aging,Upregulated,Exosomal
hsa-miR-3180-3p,UGGGGCGGAGCUUCCGGAGGCC,66.92,50.395999999999994,GGCCTCCGGAAG,40.45,42.45499999999999,CTCCGCCCCA,34.85,40.77499999999999,CTCCGCCCCAttccttttacgacctcaatgctgctgctgtactactcttGGCCTCCGGAAG,"15 young participants and 14 old participants were recruited in this study. The participants with hypertension and dyslipidemia (two old participants), hyperuricemia (one old participant), and asthma (one young participant) were included.",Saliva,Aging,Downregulated,Exosomal
hsa-miR-3065-5p,UCAACAAAAUCACUGAUGCUGGA,52.93,46.19899999999999,TCCAGCATCAGT,33.22,40.285999999999994,GATTTTGTTGA,19.42,36.145999999999994,GATTTTGTTGAttccttttacgacctcaatgctgctgctgtactactcttTCCAGCATCAGT,In total 48 HNSCC patients treated by definitive IMRT were enrolled in this study.,Saliva,Head and Neck Cancer,Downregulated,
hsa-miR-3065-3p,UCAGCACCAGGAUAUUGUUGGAG,54.41,46.642999999999994,CTCCAACAATATCC,33.18,40.273999999999994,TGGTGCTGA,20.64,36.51199999999999,TGGTGCTGAttccttttacgacctcaatgctgctgctgtactactcttCTCCAACAATATCC,In total 48 HNSCC patients treated by definitive IMRT were enrolled in this study.,Saliva,Head and Neck Cancer,Downregulated,
hsa-miR-3190-3p,UGUGGAAGGUAGACGGCCAGAGA,58.81,47.962999999999994,TCTCTGGCCGT,35.0,40.81999999999999,CTACCTTCCACA,29.99,39.31699999999999,CTACCTTCCACAttccttttacgacctcaatgctgctgctgtactactcttTCTCTGGCCGT,Saliva samples were collected from consecutive patients with a diagnosis of primary OSCC,Saliva,Oral Cancer,Upregulated,
hsa-miR-3613-5p,UGUUGUACUUUUUUUUUUGUUC,44.92,43.79599999999999,GAACAAAAAAAA,21.14,36.66199999999999,AAGTACAACA,15.24,34.891999999999996,AAGTACAACAttccttttacgacctcaatgctgctgctgtactactcttGAACAAAAAAAA,In total 48 HNSCC patients treated by definitive IMRT were enrolled in this study.,Saliva,Head and Neck Cancer,,
hsa-miR-3614-5p,CCACUUGGAUCUGAAGGCUGCCC,59.5,47.596,GGGCAGCCTTC,36.04,40.558,AGATCCAAGTGG,30.46,38.884,AGATCCAAGTGGttccttttacgatcgcgcttggtataatcgctacttcttGGGCAGCCTTC,"538 individuals, ages 5-66 years with a clinical diagnosis of mTBI and compared to a control group of 287 individuals with absence of mTBI in the previous 12 weeks and clinical resolution of any previous mTB.",Saliva,Mild traumatic brain injury (mTBI),,
hsa-miR-3663-3p,UGAGCACCACACAGGCCGGGCGC,67.98,50.14000000000001,GCGCCCGGCC,45.14,43.288000000000004,TGTGTGGTGCTCA,40.05,41.761,TGTGTGGTGCTCAttccttttacgatcgcgcttggtataatcgctacttcttGCGCCCGGCC,"Two phases were designed in this study, a discovery phase and a validation phase. In the discovery phase, 6 salivary samples from 3 MPE patients, and 3 healthy controls (HCs) were randomly enrolled.",Supernatant Saliva,Malignant Pleural Effusion,,
hsa-miR-3678-3p,CUGCAGAGUUUGUACGGACCGG,57.62,47.032000000000004,CCGGTCCGTAC,35.23,40.315000000000005,AAACTCTGCAG,26.46,37.684000000000005,AAACTCTGCAGttccttttacgatcgcgcttggtataatcgctacttcttCCGGTCCGTAC,"A total of 218 samples were collected from 50 amateur MMA fights (42 unique, 8 repeat fighters), including 87 saliva and 131 serum samples.",Saliva,Mild Traumatic Brain Injury (mTBI),Downregulated,
hsa-miR-3679-5p,UGAGGAUAUGGCAGGGAAGGGGA,58.32,47.815999999999995,TCCCCTTCCCTG,36.44,41.25199999999999,CCATATCCTCA,22.31,37.01299999999999,CCATATCCTCAttccttttacgacctcaatgctgctgctgtactactcttTCCCCTTCCCTG,"Using an Agilent microarray, salivary miRNAs were profiled from saliva samples of 8 patients with resectable pancreatic cancer and 8 healthy controls.",Saliva,Pancreatic Cancer,Downregulated,
hsa-miR-3680-3p,UUUUGCAUGACCCUGGGAGUAGG,56.43,47.24899999999999,CCTACTCCCAGG,33.78,40.45399999999999,GTCATGCAAAA,24.65,37.714999999999996,GTCATGCAAAAttccttttacgacctcaatgctgctgctgtactactcttCCTACTCCCAGG,Saliva samples were collected from consecutive patients with a diagnosis of primary OSCC,Saliva,Oral Cancer,Upregulated,
hsa-miR-3692-5p,CCUGCUGGUCAGGAGUGGAUACUG,58.29,47.806999999999995,CAGTATCCACTCCT,36.33,41.218999999999994,GACCAGCAGG,28.61,38.90299999999999,GACCAGCAGGttccttttacgacctcaatgctgctgctgtactactcttCAGTATCCACTCCT,Saliva samples were collected from consecutive patients with a diagnosis of primary OSCC,Saliva,Oral Cancer,Upregulated,
hsa-miR-3928-3p,GGAGGAACCUUGGAGCUUCGGC,59.48,48.163999999999994,GCCGAAGCTCC,36.75,41.34499999999999,AAGGTTCCTCC,27.49,38.56699999999999,AAGGTTCCTCCttccttttacgacctcaatgctgctgctgtactactcttGCCGAAGCTCC,"15 young participants and 14 old participants were recruited in this study. The participants with hypertension and dyslipidemia (two old participants), hyperuricemia (one old participant), and asthma (one young participant) were included.",Saliva,Aging,Downregulated,Exosomal
hsa-miR-3940-5p,GUGGGUUGGGGCGGGCUCUG,62.07,48.367,CAGAGCCCGCC,40.23,41.815000000000005,CCAACCCAC,21.0,36.046,CCAACCCACttccttttacgatcgcgcttggtataatcgctacttcttCAGAGCCCGCC,"Using an Agilent microarray, salivary miRNAs were profiled from saliva samples of 8 patients with resectable pancreatic cancer and 8 healthy controls.",Saliva,Pancreatic Cancer,Downregulated,
hsa-miR-642b-3p,AGACACAUUUGGAGAGGGACCC,55.66,47.017999999999994,GGGTCCCTCTC,32.11,39.952999999999996,CAAATGTGTCT,22.6,37.099999999999994,CAAATGTGTCTttccttttacgacctcaatgctgctgctgtactactcttGGGTCCCTCTC,"15 young participants and 14 old participants were recruited in this study. The participants with hypertension and dyslipidemia (two old participants), hyperuricemia (one old participant), and asthma (one young participant) were included.",Saliva,Aging,Upregulated,Exosomal
hsa-miR-4474-3p,UUGUGGCUGGUCAUGAGGCUAA,55.94,46.528,TTAGCCTCATGAC,33.14,39.688,CAGCCACAA,20.07,35.767,CAGCCACAAttccttttacgatcgcgcttggtataatcgctacttcttTTAGCCTCATGAC,In total 48 HNSCC patients treated by definitive IMRT were enrolled in this study.,Saliva,Head and Neck Cancer,Upregulated,
hsa-miR-4485-5p,ACCGCCUGCCCAGUGA,54.8,46.186,TCACTGGGC,22.91,36.619,AGGCGGT,10.25,32.821000000000005,AGGCGGTttccttttacgatcgcgcttggtataatcgctacttcttTCACTGGGC,"Eight CP and eight healthy individuals were recruited from Dental Clinic, Universiti Sains Malaysia (USM), Health Campus, Kelantan, Malaysia.",Saliva,Periodontitis,Downregulated,Non-exosomal
hsa-miR-4485-3p,UAACGGCCGCGGUACCCUAA,57.59,47.023,TTAGGGTACCGC,34.58,40.12,GGCCGTTA,14.53,34.105000000000004,GGCCGTTAttccttttacgatcgcgcttggtataatcgctacttcttTTAGGGTACCGC,"Eight CP and eight healthy individuals were recruited from Dental Clinic, Universiti Sains Malaysia (USM), Health Campus, Kelantan, Malaysia.",Saliva,Periodontitis,Downregulated,Non-exosomal
hsa-miR-4664-3p,CUUCCGGUCUGUGAGCCCCGUC,61.12,48.082,GACGGGGCTCA,37.29,40.933,CAGACCGGAAG,31.07,39.067,CAGACCGGAAGttccttttacgatcgcgcttggtataatcgctacttcttGACGGGGCTCA,"Eight CP and eight healthy individuals were recruited from Dental Clinic, Universiti Sains Malaysia (USM), Health Campus, Kelantan, Malaysia.",Saliva,Periodontitis,Downregulated,Non-exosomal
hsa-miR-4665-3p,CUCGGCCGCGGCGCGUAGCCCCCGCC,76.07,53.141,GGCGGGGGCTACGCG,57.53,47.57899999999999,CCGCGGCCGAG,45.64,44.01199999999999,CCGCGGCCGAGttccttttacgacctcaatgctgctgctgtactactcttGGCGGGGGCTACGCG,"Using an Agilent microarray, salivary miRNAs were profiled from saliva samples of 8 patients with resectable pancreatic cancer and 8 healthy controls.",Saliva,Pancreatic Cancer,Upregulated,
hsa-miR-4667-5p,ACUGGGGAGCAGAAGGAGAACC,57.63,47.035000000000004,GGTTCTCCTTCTG,34.28,40.03,CTCCCCAGT,19.78,35.68,CTCCCCAGTttccttttacgatcgcgcttggtataatcgctacttcttGGTTCTCCTTCTG,"15 young participants and 14 old participants were recruited in this study. The participants with hypertension and dyslipidemia (two old participants), hyperuricemia (one old participant), and asthma (one young participant) were included.",Saliva,Aging,Downregulated,Exosomal
hsa-miR-4668-5p,AGGGAAAAAAAAAAGGAUUUGUC,48.57,44.317,GACAAATCCTTT,25.19,37.303000000000004,TTTTTTTCCCT,19.97,35.737,TTTTTTTCCCTttccttttacgatcgcgcttggtataatcgctacttcttGACAAATCCTTT,"Study group comprised of 22 adults with biopsy proven diagnosis of EoE (endoscopic biopsy of esophagus, showing >15 eosinophils/hpf) and 22 subjects without EoE",Whole Saliva,Eosinophilic Esophagitis,Downregulated,
hsa-miR-1343-3p,CUCCUGGGGCCCGCACUCUCGC,65.52,49.401999999999994,GCGAGAGTGCGG,42.91,42.619,GCCCCAGGAG,31.49,39.193000000000005,GCCCCAGGAGttccttttacgatcgcgcttggtataatcgctacttcttGCGAGAGTGCGG,"15 young participants and 14 old participants were recruited in this study. The participants with hypertension and dyslipidemia (two old participants), hyperuricemia (one old participant), and asthma (one young participant) were included.",Saliva,Aging,Upregulated,Exosomal
hsa-miR-3529-5p,AGGUAGACUGGGAUUUGUUGUU,51.29,45.706999999999994,AACAACAAATCC,26.35,38.224999999999994,CAGTCTACCT,18.87,35.980999999999995,CAGTCTACCTttccttttacgacctcaatgctgctgctgtactactcttAACAACAAATCC,"45 subjects were recruited for the study, including 24 subjects with a current diagnosis of ASD and 21 non-ASD control subjects.",Saliva,Autism Spectrum Disorder (ASD),Upregulated,
hsa-miR-4722-5p,GGCAGGAGGGCUGUGCCAGGUUG,63.9,48.916000000000004,CAACCTGGCACAG,40.03,41.755,CCCTCCTGCC,31.49,39.193000000000005,CCCTCCTGCCttccttttacgatcgcgcttggtataatcgctacttcttCAACCTGGCACAG,"15 young participants and 14 old participants were recruited in this study. The participants with hypertension and dyslipidemia (two old participants), hyperuricemia (one old participant), and asthma (one young participant) were included.",Saliva,Aging,Upregulated,Exosomal
hsa-miR-4725-3p,UGGGGAAGGCGUCAGUGUCGGG,62.67,49.12099999999999,CCCGACACTGAC,37.34,41.52199999999999,GCCTTCCCCA,29.96,39.30799999999999,GCCTTCCCCAttccttttacgacctcaatgctgctgctgtactactcttCCCGACACTGAC,"15 young participants and 14 old participants were recruited in this study. The participants with hypertension and dyslipidemia (two old participants), hyperuricemia (one old participant), and asthma (one young participant) were included.",Saliva,Aging,Upregulated,Exosomal
hsa-miR-4740-3p,GCCCGAGAGGAUCCGUCCCUGC,62.9,49.18999999999999,GCAGGGACGGAT,39.11,42.05299999999999,CCTCTCGGGC,32.41,40.04299999999999,CCTCTCGGGCttccttttacgacctcaatgctgctgctgtactactcttGCAGGGACGGAT,"15 young participants and 14 old participants were recruited in this study. The participants with hypertension and dyslipidemia (two old participants), hyperuricemia (one old participant), and asthma (one young participant) were included.",Saliva,Aging,Downregulated,Exosomal
hsa-miR-2467-5p,UGAGGCUCUGUUAGCCUUGGCUC,58.39,47.836999999999996,GAGCCAAGGCTA,34.88,40.78399999999999,ACAGAGCCTCA,30.16,39.367999999999995,ACAGAGCCTCAttccttttacgacctcaatgctgctgctgtactactcttGAGCCAAGGCTA,"45 subjects were recruited for the study, including 24 subjects with a current diagnosis of ASD and 21 non-ASD control subjects.",Saliva,Autism Spectrum Disorder (ASD),Upregulated,
hsa-miR-2467-3p,AGCAGAGGCAGAGAGGCUCAGG,59.72,48.236,CCTGAGCCTCTC,35.38,40.93399999999999,TGCCTCTGCT,28.73,38.93899999999999,TGCCTCTGCTttccttttacgacctcaatgctgctgctgtactactcttCCTGAGCCTCTC,The sample size of 80 participants consisted of children with detected developmental delays/disorders (DD) (n = 55) and typically developing (TD) pre-school children with no previously detected developmental problems were classified as the control group (n = 25).,Saliva,Developmental Disorder,Upregulated,
hsa-miR-4787-5p,GCGGGGGUGGCGGCGGCAUCCC,70.92,51.022,GGGATGCCGCCG,46.4,43.666000000000004,CCACCCCCGC,37.89,41.113,CCACCCCCGCttccttttacgatcgcgcttggtataatcgctacttcttGGGATGCCGCCG,"15 young participants and 14 old participants were recruited in this study. The participants with hypertension and dyslipidemia (two old participants), hyperuricemia (one old participant), and asthma (one young participant) were included.",Saliva,Aging,Downregulated,Exosomal
hsa-miR-4793-3p,UCUGCACUGUGAGUUGGCUGGCU,60.61,47.929,AGCCAGCCAACT,38.19,41.203,CACAGTGCAGA,30.46,38.884,CACAGTGCAGAttccttttacgatcgcgcttggtataatcgctacttcttAGCCAGCCAACT,"Eight CP and eight healthy individuals were recruited from Dental Clinic, Universiti Sains Malaysia (USM), Health Campus, Kelantan, Malaysia.",Saliva,Periodontitis,Upregulated,Non-exosomal
hsa-miR-5006-5p,UUGCCAGGGCAGGAGGUGGAA,60.04,48.331999999999994,TTCCACCTCCTG,33.82,40.465999999999994,CCCTGGCAA,23.09,37.24699999999999,CCCTGGCAAttccttttacgacctcaatgctgctgctgtactactcttTTCCACCTCCTG,"Eight CP and eight healthy individuals were recruited from Dental Clinic, Universiti Sains Malaysia (USM), Health Campus, Kelantan, Malaysia.",Saliva,Periodontitis,Upregulated,Non-exosomal
hsa-miR-5195-5p,AACCCCUAAGGCAACUGGAUGG,56.24,46.618,CCATCCAGTTGC,34.61,40.129,CTTAGGGGTT,19.29,35.533,CTTAGGGGTTttccttttacgatcgcgcttggtataatcgctacttcttCCATCCAGTTGC,Saliva was obtained from male professional players in England's elite rugby union competition across two seasons (2017-2019).,Saliva,Concussion,Upregulated,
hsa-miR-5699-3p,UCCUGUCUUUCCUUGUUGGAGC,54.56,46.687999999999995,GCTCCAACAAGG,34.51,40.672999999999995,AAAGACAGGA,18.27,35.800999999999995,AAAGACAGGAttccttttacgacctcaatgctgctgctgtactactcttGCTCCAACAAGG,Saliva was obtained from male professional players in England's elite rugby union competition across two seasons (2017-2019).,Saliva,Concussion,Upregulated,
hsa-miR-6724-5p,CUGGGCCCGCGGCGGGCGUGGGG,74.22,52.58599999999999,CCCCACGCCCGCC,53.79,46.456999999999994,GCGGGCCCAG,38.83,41.968999999999994,GCGGGCCCAGttccttttacgacctcaatgctgctgctgtactactcttCCCCACGCCCGCC,"15 young participants and 14 old participants were recruited in this study. The participants with hypertension and dyslipidemia (two old participants), hyperuricemia (one old participant), and asthma (one young participant) were included.",Saliva,Aging,Downregulated,Exosomal
hsa-miR-6726-5p,CGGGAGCUGGGGUCUGCAGGU,62.54,48.508,ACCTGCAGACCC,38.6,41.326,CAGCTCCCG,26.14,37.588,CAGCTCCCGttccttttacgatcgcgcttggtataatcgctacttcttACCTGCAGACCC,"15 young participants and 14 old participants were recruited in this study. The participants with hypertension and dyslipidemia (two old participants), hyperuricemia (one old participant), and asthma (one young participant) were included.",Saliva,Aging,Upregulated,Exosomal
hsa-miR-6729-5p,UGGGCGAGGGCGGCUGAGCGGC,70.04,51.332,GCCGCTCAGCCG,47.11,44.452999999999996,CCCTCGCCCA,34.85,40.77499999999999,CCCTCGCCCAttccttttacgacctcaatgctgctgctgtactactcttGCCGCTCAGCCG,"15 young participants and 14 old participants were recruited in this study. The participants with hypertension and dyslipidemia (two old participants), hyperuricemia (one old participant), and asthma (one young participant) were included.",Saliva,Aging,Downregulated,Exosomal
hsa-miR-6748-3p,UCCUGUCCCUGUCUCCUACAG,54.02,45.952000000000005,CTGTAGGAGACA,29.17,38.497,GGGACAGGA,20.01,35.749,GGGACAGGAttccttttacgatcgcgcttggtataatcgctacttcttCTGTAGGAGACA,Saliva was obtained from male professional players in England's elite rugby union competition across two seasons (2017-2019).,Saliva,Concussion,Upregulated,
hsa-miR-6768-5p,CACACAGGAAAAGCGGGGCCCUG,62.3,49.00999999999999,CAGGGCCCCGC,44.15,43.56499999999999,TTTTCCTGTGTG,29.35,39.12499999999999,TTTTCCTGTGTGttccttttacgacctcaatgctgctgctgtactactcttCAGGGCCCCGC,"15 young participants and 14 old participants were recruited in this study. The participants with hypertension and dyslipidemia (two old participants), hyperuricemia (one old participant), and asthma (one young participant) were included.",Saliva,Aging,Upregulated,Exosomal
hsa-miR-6774-5p,ACUUGGGCAGGAGGGACCCUGUAUG,61.45,48.181000000000004,CATACAGGGTCCCT,39.57,41.617000000000004,CCTGCCCAAGT,33.36,39.754,CCTGCCCAAGTttccttttacgatcgcgcttggtataatcgctacttcttCATACAGGGTCCCT,"15 young participants and 14 old participants were recruited in this study. The participants with hypertension and dyslipidemia (two old participants), hyperuricemia (one old participant), and asthma (one young participant) were included.",Saliva,Aging,Upregulated,Exosomal
hsa-miR-6779-5p,CUGGGAGGGGCUGGGUUUGGC,61.67,48.82099999999999,GCCAAACCCAGC,39.45,42.154999999999994,CCCTCCCAG,22.14,36.961999999999996,CCCTCCCAGttccttttacgacctcaatgctgctgctgtactactcttGCCAAACCCAGC,"15 young participants and 14 old participants were recruited in this study. The participants with hypertension and dyslipidemia (two old participants), hyperuricemia (one old participant), and asthma (one young participant) were included.",Saliva,Aging,Upregulated,Exosomal
hsa-miR-6786-5p,GCGGUGGGGCCGGAGGGGCGU,70.02,50.752,ACGCCCCTCCGG,46.56,43.714000000000006,CCCCACCGC,31.42,39.172000000000004,CCCCACCGCttccttttacgatcgcgcttggtataatcgctacttcttACGCCCCTCCGG,"Eight CP and eight healthy individuals were recruited from Dental Clinic, Universiti Sains Malaysia (USM), Health Campus, Kelantan, Malaysia.",Saliva,Periodontitis,Upregulated,Non-exosomal
hsa-miR-6791-5p,CCCCUGGGGCUGGGCAGGCGGA,68.92,50.99599999999999,TCCGCCTGCCCA,45.54,43.98199999999999,GCCCCAGGGG,35.82,41.065999999999995,GCCCCAGGGGttccttttacgacctcaatgctgctgctgtactactcttTCCGCCTGCCCA,"15 young participants and 14 old participants were recruited in this study. The participants with hypertension and dyslipidemia (two old participants), hyperuricemia (one old participant), and asthma (one young participant) were included.",Saliva,Aging,Downregulated,Exosomal
hsa-miR-6800-5p,GUAGGUGACAGUCAGGGGCGG,58.58,47.89399999999999,CCGCCCCTGA,34.85,40.77499999999999,CTGTCACCTAC,25.98,38.11399999999999,CTGTCACCTACttccttttacgacctcaatgctgctgctgtactactcttCCGCCCCTGA,"15 young participants and 14 old participants were recruited in this study. The participants with hypertension and dyslipidemia (two old participants), hyperuricemia (one old participant), and asthma (one young participant) were included.",Saliva,Aging,Upregulated,Exosomal
hsa-miR-6802-5p,CUAGGUGGGGGGCUUGAAGC,56.64,47.31199999999999,GCTTCAAGCCC,33.07,40.24099999999999,CCCACCTAG,17.23,35.48899999999999,CCCACCTAGttccttttacgacctcaatgctgctgctgtactactcttGCTTCAAGCCC,"15 young participants and 14 old participants were recruited in this study. The participants with hypertension and dyslipidemia (two old participants), hyperuricemia (one old participant), and asthma (one young participant) were included.",Saliva,Aging,Upregulated,Exosomal
hsa-miR-6808-5p,CAGGCAGGGAGGUGGGACCAUG,60.82,48.565999999999995,CATGGTCCCACC,36.55,41.28499999999999,TCCCTGCCTG,29.6,39.199999999999996,TCCCTGCCTGttccttttacgacctcaatgctgctgctgtactactcttCATGGTCCCACC,"15 young participants and 14 old participants were recruited in this study. The participants with hypertension and dyslipidemia (two old participants), hyperuricemia (one old participant), and asthma (one young participant) were included.",Saliva,Aging,Upregulated,Exosomal
hsa-miR-6809-5p,UGGCAAGGAAAGAAGAGGAUCA,53.35,45.751,TGATCCTCTTCTT,30.12,38.782000000000004,TCCTTGCCA,20.08,35.77,TCCTTGCCAttccttttacgatcgcgcttggtataatcgctacttcttTGATCCTCTTCTT,"15 young participants and 14 old participants were recruited in this study. The participants with hypertension and dyslipidemia (two old participants), hyperuricemia (one old participant), and asthma (one young participant) were included.",Saliva,Aging,Upregulated,Exosomal
hsa-miR-6813-3p,AACCUUGGCCCCUCUCCCCAG,59.83,48.26899999999999,CTGGGGAGAGGG,37.62,41.605999999999995,GCCAAGGTT,19.46,36.157999999999994,GCCAAGGTTttccttttacgacctcaatgctgctgctgtactactcttCTGGGGAGAGGG,Saliva was obtained from male professional players in England's elite rugby union competition across two seasons (2017-2019).,Saliva,Concussion,Upregulated,
hsa-miR-6821-5p,GUGCGUGGUGGCUCGAGGCGGGG,68.01,50.72299999999999,CCCCGCCTCGAG,44.24,43.59199999999999,CCACCACGCAC,37.78,41.65399999999999,CCACCACGCACttccttttacgacctcaatgctgctgctgtactactcttCCCCGCCTCGAG,"Eight CP and eight healthy individuals were recruited from Dental Clinic, Universiti Sains Malaysia (USM), Health Campus, Kelantan, Malaysia.",Saliva,Periodontitis,Downregulated,Exosomal
hsa-miR-6824-5p,GUAGGGGAGGUUGGGCCAGGGA,61.3,48.70999999999999,TCCCTGGCCCA,37.81,41.66299999999999,ACCTCCCCTAC,29.45,39.154999999999994,ACCTCCCCTACttccttttacgacctcaatgctgctgctgtactactcttTCCCTGGCCCA,"15 young participants and 14 old participants were recruited in this study. The participants with hypertension and dyslipidemia (two old participants), hyperuricemia (one old participant), and asthma (one young participant) were included.",Saliva,Aging,Upregulated,Exosomal
hsa-miR-6824-3p,UCUCUGGUCUUGCCACCCCAG,57.79,47.083000000000006,CTGGGGTGGC,32.81,39.589000000000006,AAGACCAGAGA,24.76,37.174,AAGACCAGAGAttccttttacgatcgcgcttggtataatcgctacttcttCTGGGGTGGC,Saliva was obtained from male professional players in England's elite rugby union competition across two seasons (2017-2019).,Saliva,Concussion,Upregulated,
hsa-miR-6828-5p,AGGAAGCAAGAGAACCCUGUGG,56.21,47.18299999999999,CCACAGGGTTCT,34.31,40.61299999999999,CTTGCTTCCT,22.23,36.98899999999999,CTTGCTTCCTttccttttacgacctcaatgctgctgctgtactactcttCCACAGGGTTCT,"15 young participants and 14 old participants were recruited in this study. The participants with hypertension and dyslipidemia (two old participants), hyperuricemia (one old participant), and asthma (one young participant) were included.",Saliva,Aging,Downregulated,Exosomal
hsa-miR-6859-5p,GAGAGGAACAUGGGCUCAGGACA,57.81,47.66299999999999,TGTCCTGAGCCC,38.12,41.75599999999999,ATGTTCCTCTC,23.7,37.42999999999999,ATGTTCCTCTCttccttttacgacctcaatgctgctgctgtactactcttTGTCCTGAGCCC,"15 young participants and 14 old participants were recruited in this study. The participants with hypertension and dyslipidemia (two old participants), hyperuricemia (one old participant), and asthma (one young participant) were included.",Saliva,Aging,Downregulated,Exosomal
hsa-miR-6875-5p,UGAGGGACCCAGGACAGGAGA,57.66,47.61799999999999,TCTCCTGTCCTG,32.99,40.21699999999999,GGTCCCTCA,20.01,36.32299999999999,GGTCCCTCAttccttttacgacctcaatgctgctgctgtactactcttTCTCCTGTCCTG,"15 young participants and 14 old participants were recruited in this study. The participants with hypertension and dyslipidemia (two old participants), hyperuricemia (one old participant), and asthma (one young participant) were included.",Saliva,Aging,Upregulated,Exosomal
hsa-miR-6891-5p,UAAGGAGGGGGAUGAGGGG,53.28,45.730000000000004,CCCCTCATCC,25.87,37.507000000000005,CCCTCCTTA,13.47,33.787,CCCTCCTTAttccttttacgatcgcgcttggtataatcgctacttcttCCCCTCATCC,"15 young participants and 14 old participants were recruited in this study. The participants with hypertension and dyslipidemia (two old participants), hyperuricemia (one old participant), and asthma (one young participant) were included.",Saliva,Aging,Upregulated,Exosomal
hsa-miR-7106-5p,UGGGAGGAGGGGAUCUUGGG,56.44,46.678000000000004,CCCAAGATCCC,29.42,38.572,CTCCTCCCA,19.12,35.482,CTCCTCCCAttccttttacgatcgcgcttggtataatcgctacttcttCCCAAGATCCC,"15 young participants and 14 old participants were recruited in this study. The participants with hypertension and dyslipidemia (two old participants), hyperuricemia (one old participant), and asthma (one young participant) were included.",Saliva,Aging,Upregulated,Exosomal
hsa-miR-7108-5p,GUGUGGCCGGCAGGCGGGUGG,67.05,49.861,CCACCCGCCTGC,46.01,43.549,CGGCCACAC,28.34,38.248,CGGCCACACttccttttacgatcgcgcttggtataatcgctacttcttCCACCCGCCTGC,"15 young participants and 14 old participants were recruited in this study. The participants with hypertension and dyslipidemia (two old participants), hyperuricemia (one old participant), and asthma (one young participant) were included.",Saliva,Aging,Downregulated,Exosomal
hsa-miR-7111-5p,UGGGGGAGGAAGGACAGGCCAU,60.98,48.61399999999999,ATGGCCTGTCCT,36.34,41.221999999999994,TCCTCCCCCA,28.87,38.980999999999995,TCCTCCCCCAttccttttacgacctcaatgctgctgctgtactactcttATGGCCTGTCCT,"15 young participants and 14 old participants were recruited in this study. The participants with hypertension and dyslipidemia (two old participants), hyperuricemia (one old participant), and asthma (one young participant) were included.",Saliva,Aging,Upregulated,Exosomal
hsa-miR-7159-5p,UUCAACAAGGGUGUAGGAUGG,51.66,45.244,CCATCCTACAC,25.71,37.459,CCTTGTTGAA,18.66,35.344,CCTTGTTGAAttccttttacgatcgcgcttggtataatcgctacttcttCCATCCTACAC,In total 48 HNSCC patients treated by definitive IMRT were enrolled in this study.,Saliva,Head and Neck Cancer,Upregulated,
hsa-miR-1273h-3p,CUGCAGACUCGACCUCCCAGGC,60.87,48.007,GCCTGGGAGGTC,39.58,41.62,GAGTCTGCAG,24.53,37.105000000000004,GAGTCTGCAGttccttttacgatcgcgcttggtataatcgctacttcttGCCTGGGAGGTC,Saliva was obtained from male professional players in England's elite rugby union competition across two seasons (2017-2019).,Saliva,Concussion,Upregulated,
hsa-miR-7846-3p,CAGCGGAGCCUGGAGAGAAGG,58.65,47.91499999999999,CCTTCTCTCCAGG,36.34,41.221999999999994,CTCCGCTG,17.89,35.68699999999999,CTCCGCTGttccttttacgacctcaatgctgctgctgtactactcttCCTTCTCTCCAGG,"15 young participants and 14 old participants were recruited in this study. The participants with hypertension and dyslipidemia (two old participants), hyperuricemia (one old participant), and asthma (one young participant) were included.",Saliva,Aging,Downregulated,Exosomal
hsa-miR-7847-3p,CGUGGAGGACGAGGAGGAGGC,60.38,47.86000000000001,GCCTCCTCCTCG,39.62,41.632,TCCTCCACG,22.09,36.373000000000005,TCCTCCACGttccttttacgatcgcgcttggtataatcgctacttcttGCCTCCTCCTCG,"15 young participants and 14 old participants were recruited in this study. The participants with hypertension and dyslipidemia (two old participants), hyperuricemia (one old participant), and asthma (one young participant) were included.",Saliva,Aging,Upregulated,Exosomal
hsa-miR-8069,GGAUGGUUGGGGGCGGUCGGCGU,67.35,49.951,ACGCCGACCGC,44.78,43.18,CCCCAACCATCC,36.31,40.639,CCCCAACCATCCttccttttacgatcgcgcttggtataatcgctacttcttACGCCGACCGC,"15 young participants and 14 old participants were recruited in this study. The participants with hypertension and dyslipidemia (two old participants), hyperuricemia (one old participant), and asthma (one young participant) were included.",Saliva,Aging,Downregulated,Exosomal
